sid,grp,ntm,good,post,pre,lapt,sc_grand,sc_sw,sc_lep,sc_blk,ei,ri
0,0,3,False,0.9666666666666667,0.5,0.6222222222222221,-0.21392235609103089,-0.03333333333333337,-0.13309066481936305,-0.07439507613974987,0.46,0.48695652173913045
1,0,3,True,0.7888888888888889,0.7222222222222221,0.7111111111111111,0.015733333333333335,-0.02222222222222223,-0.005347985347985362,-0.030119465305739796,0.5,0.4
2,0,1,True,0.4888888888888889,0.4888888888888889,0.5333333333333333,-0.14186666666666667,0.0,-0.011241523213353921,-0.04720557743156595,0.54,0.7333333333333333
3,0,3,True,0.9555555555555555,0.8666666666666667,0.8666666666666667,-0.14986666666666668,-0.25128205128205133,-0.2739247311827956,-0.20389413176895005,0.412,0.9902912621359223
4,0,2,False,0.7333333333333333,0.5888888888888888,0.6,-0.12053333333333335,-3.172065784643304e-17,-0.09737344630830273,-0.05928703219200418,0.308,0.5194805194805194
5,0,2,False,0.7111111111111111,0.6333333333333333,0.6444444444444444,-0.0522666666666667,0.07999999999999999,-0.044332868433286904,0.022596677559912848,0.512,0.3125
6,0,3,False,0.9333333333333333,0.7,0.7111111111111111,-0.14538152610441768,0.0,-0.16756246677299313,-0.1919178016034,0.572,0.5454545454545454
7,0,1,True,0.7888888888888889,0.6666666666666666,0.7111111111111111,0.022133333333333297,-0.10000000000000003,0.021954484605086894,-0.03138536314666522,0.796,0.24623115577889448
8,0,2,False,0.6888888888888889,0.6333333333333333,0.6444444444444444,0.07546666666666663,0.0222222222222222,-0.0701608848667673,0.01611308159007989,0.588,0.8435374149659864
9,0,2,False,0.7777777777777777,0.6444444444444444,0.6666666666666666,0.1469879518072289,0.17142857142857146,0.1119936296765565,0.1621892770623486,0.768,0.4010416666666667
10,0,1,True,0.6555555555555554,0.5222222222222221,0.5777777777777778,0.11866666666666663,0.059259259259259234,0.13663294070270798,0.09509275885719005,0.932,0.36909871244635195
11,0,3,False,0.9444444444444444,0.711111111111111,0.7333333333333334,-0.014844804318488542,-0.06666666666666668,-0.02202778363436181,-0.07542328042328043,0.844,0.9146919431279621
12,0,2,False,0.7666666666666666,0.6,0.6,0.05946666666666664,0.04999999999999997,0.013735219068025549,0.04145914823125752,0.64,0.3375
13,0,1,True,0.5777777777777777,0.4555555555555555,0.5111111111111112,-0.16144578313253014,0.10370370370370367,-0.07305555555555548,0.04641884335809568,0.332,0.03614457831325301
14,0,1,True,0.42222222222222217,0.4222222222222222,0.4222222222222222,-0.21847389558232935,-0.13333333333333333,-0.13938572719060527,-0.12978584168337487,0.42,0.4095238095238095
15,0,3,True,0.7,0.47777777777777775,0.4666666666666666,0.026133333333333324,0.11111111111111109,0.03622171922476798,0.03723063638248902,0.84,0.5285714285714286
16,0,2,False,0.6777777777777778,0.7777777777777777,0.7777777777777778,-0.21526104417670686,-0.2,-0.16405228758169957,-0.16988547103327523,0.36,0.6111111111111112
17,0,2,False,0.6888888888888889,0.5444444444444444,0.5777777777777777,-0.13734939759036147,-0.06666666666666668,-0.1383223800438132,-0.10124590537381237,0.404,0.7326732673267327
18,0,2,False,0.7777777777777777,0.6555555555555554,0.6444444444444445,-0.3437751004016064,-0.15555555555555559,-0.271086447157479,-0.2729621035618587,0.088,0.09090909090909091
19,0,3,False,0.9,0.6888888888888889,0.7333333333333334,-0.09129852744310576,0.08888888888888886,-0.04519516053182839,0.018112528467962526,0.232,0.1724137931034483
20,0,3,False,0.8777777777777778,0.6555555555555554,0.6888888888888888,0.03573333333333336,-0.06666666666666664,-0.019827135451881864,-0.02788837918420184,0.572,0.6363636363636364
21,0,0,True,0.4111111111111111,0.5555555555555555,0.6222222222222221,0.13253012048192772,0.10000000000000002,0.13279569892473103,0.16534979837583638,1.0,0.348
22,0,1,True,0.39999999999999997,0.5333333333333333,0.6444444444444445,0.10414993306559571,0.06666666666666665,0.10349462365591373,0.10081531426799968,0.768,0.46875
23,0,1,False,0.6,0.43333333333333335,0.4444444444444445,-0.1930388219544846,0.1333333333333333,-0.13165451165451175,0.020726026872136906,0.42,0.29523809523809524
24,0,2,False,0.7222222222222221,0.7444444444444445,0.7555555555555555,-0.11146666666666671,0.00952380952380949,-0.08966514459665145,-0.021488742867072533,0.056,0.35714285714285715
25,0,2,False,0.8,0.6777777777777778,0.7111111111111111,-0.07466666666666671,-0.022222222222222254,-0.07025856044723983,-0.03498979591836736,0.432,0.4537037037037037
26,0,1,True,0.7555555555555555,0.7888888888888889,0.8000000000000002,0.013600000000000041,0.050000000000000044,0.01231593038821966,0.05554919465463079,0.38,0.8736842105263158
27,0,1,True,0.6111111111111112,0.7444444444444445,0.7555555555555555,0.12931726907630522,0.12000000000000008,0.056373865234624634,0.1743371255655287,0.768,0.171875
28,0,2,False,0.8666666666666667,0.6111111111111112,0.6444444444444444,0.017938420348058887,-0.042424242424242455,-0.014342111067001923,-0.04393777064709745,0.868,0.543778801843318
29,0,2,False,0.7333333333333334,0.7333333333333334,0.7555555555555555,0.20986666666666662,0.1333333333333333,0.09620886981402005,0.12394781144781145,0.932,0.9313304721030042
30,0,2,False,0.7666666666666666,0.7555555555555555,0.7777777777777778,-0.08453333333333334,0.02666666666666666,-0.06364166123070236,-0.017417352981078518,0.404,0.44554455445544555
31,0,2,False,0.7444444444444445,0.5333333333333333,0.6000000000000001,-0.156,-0.1777777777777778,-0.09421426457531815,-0.11255091510288324,0.424,0.18867924528301888
32,0,3,True,0.8444444444444443,0.6444444444444444,0.6666666666666666,-0.04069611780455155,0.022222222222222223,-0.011413915624441957,0.0029994111737176973,0.464,0.45689655172413796
33,0,3,False,0.8,0.6888888888888889,0.7111111111111111,0.06479250334672026,0.009523809523809554,0.05901901217690697,-0.009351274992755693,0.604,0.8013245033112583
34,0,2,False,0.6444444444444444,0.7,0.7333333333333333,-0.13842034805890227,2.7755575615628914e-17,-0.10326530612244897,-0.014926252343755905,0.076,0.3684210526315789
35,0,3,False,0.7444444444444445,0.8333333333333334,0.8222222222222223,-0.05033467202141901,-0.038095238095238085,0.0015343915343915594,-0.052896024754507276,0.336,0.6309523809523809
36,0,1,True,0.7333333333333333,0.5888888888888888,0.6222222222222222,0.036144578313253024,0.25,0.03629032258064517,0.10737239411893795,0.4,0.31
37,0,2,True,0.8444444444444443,0.5222222222222221,0.6,0.03507362784471217,0.1466666666666667,0.018522509578544028,0.04525542305636937,0.536,0.40298507462686567
38,0,2,True,0.5333333333333333,0.5555555555555556,0.6222222222222222,-0.058902275769745625,0.08333333333333334,-0.06412032412032417,-0.023728418933746293,0.412,0.5048543689320388
39,0,1,False,0.6888888888888889,0.43333333333333324,0.39999999999999997,-0.16080000000000008,0.08888888888888885,-0.18048780487804872,-0.06830844806411993,0.136,0.5294117647058824
40,0,1,True,0.5777777777777777,0.24444444444444444,0.3333333333333333,-0.0570666666666667,0.008333333333333318,0.05493012191495694,-0.009533747773164692,0.48,0.2833333333333333
41,0,1,False,0.6666666666666666,0.5666666666666667,0.6,0.24283801874163327,0.4,0.24312038244241596,0.25373689881477113,0.472,0.7033898305084746
42,0,1,True,0.7222222222222221,0.6666666666666666,0.6666666666666666,-0.23400267737617136,0.0,-0.1178527587007734,-0.03997665991032515,0.204,0.39215686274509803
43,0,2,True,0.6444444444444444,0.6222222222222222,0.6666666666666666,0.06104417670682731,0.05714285714285716,0.048868778280543,0.049328573169033704,0.908,0.3788546255506608
44,0,2,False,0.8444444444444444,0.7222222222222221,0.7555555555555555,-0.17306666666666667,-0.13333333333333333,-0.20475599669148048,-0.10483847175726654,0.228,0.43859649122807015
45,0,3,False,0.7222222222222222,0.711111111111111,0.7333333333333334,0.0765333333333333,0.04444444444444442,0.08793260793260789,0.05431927518482138,0.736,0.4891304347826087
46,0,2,True,0.7444444444444445,0.4666666666666667,0.5111111111111111,0.04879999999999998,0.08333333333333331,0.006874095606489908,0.05106525808351365,0.948,0.4008438818565401
47,0,2,False,0.6,0.5555555555555556,0.6,-0.06560000000000002,0.033333333333333305,-0.1470869236583523,-0.020860205334209053,0.424,0.42452830188679247
48,0,3,True,0.8222222222222222,0.8444444444444443,0.8666666666666667,-0.22986666666666666,-0.2666666666666667,-0.23204081632653054,-0.16617857142857134,0.016,0.0
49,0,2,True,0.6777777777777778,0.5999999999999999,0.6444444444444444,-0.13306559571619814,-0.1,-0.08299712222863653,-0.1347863945578231,0.616,0.3246753246753247
50,0,3,True,0.9555555555555555,0.6666666666666666,0.7333333333333333,-0.10870147255689427,-0.0666666666666667,-0.14949588772660907,-0.1159239028944912,0.404,0.6336633663366337
51,0,1,True,0.5888888888888888,0.5111111111111111,0.5111111111111111,0.0784,0.16666666666666663,0.02952163624070313,0.10151260399064843,0.74,0.17297297297297298
52,0,2,True,0.7555555555555555,0.6333333333333333,0.6888888888888888,-0.12053333333333337,0.1333333333333333,-0.08449612403100763,-0.004695820460921062,0.236,0.423728813559322
53,0,3,True,0.8666666666666667,0.45555555555555555,0.48888888888888893,-0.003200000000000017,0.09999999999999999,-0.08582961972667867,-0.06486934266816599,0.588,0.564625850340136
54,0,2,False,0.8777777777777778,0.5,0.5555555555555557,0.21124497991967878,0.31111111111111117,0.20437635930173234,0.20464782056751854,0.92,0.6
55,0,3,True,0.7777777777777777,0.6222222222222222,0.688888888888889,-0.0963855421686747,0.03888888888888889,-0.08776091403482517,-0.009257338633996488,0.368,0.3804347826086957
56,0,3,True,0.9222222222222223,0.6888888888888889,0.7333333333333334,0.08960000000000003,-0.2,-0.02926136363636373,-0.22366994650044772,0.844,0.9241706161137441
57,0,2,False,0.6666666666666666,0.4888888888888888,0.5777777777777777,-0.12369477911646591,-0.04000000000000002,-0.12391304347826088,-0.1060925422993033,0.308,0.42857142857142855
58,0,2,True,0.7333333333333332,0.7111111111111111,0.6888888888888888,0.006693440428380181,0.058333333333333334,0.05065093356015759,0.05901532060840932,0.328,0.35365853658536583
59,0,2,True,0.7,0.5111111111111111,0.5555555555555555,-0.4037483266398929,-0.07777777777777774,-0.31464052287581634,-0.12488923774638068,0.096,0.16666666666666666
60,0,3,True,0.8222222222222222,0.7444444444444445,0.7777777777777778,-0.1804551539491299,-0.15000000000000002,-0.1182457624572083,-0.1327226749372795,0.208,0.8269230769230769
61,0,3,False,0.8444444444444444,0.8222222222222222,0.7777777777777777,0.10950468540829987,0.03703703703703702,0.08026264922816642,0.06664641012009431,0.7,0.6914285714285714
62,0,2,False,0.6777777777777778,0.45555555555555555,0.4666666666666666,0.012851405622489974,0.06666666666666665,0.04254369481319837,0.011658187520256491,0.684,0.12280701754385964
63,0,3,False,0.9333333333333333,0.7777777777777778,0.7555555555555555,0.1954484605087015,-0.14814814814814817,0.07709666640964329,-0.09682648615001561,0.776,0.9175257731958762
64,0,3,False,0.7333333333333334,0.6666666666666667,0.6666666666666666,0.024000000000000042,0.12222222222222225,0.046692329802085944,0.079514597505669,0.356,0.47191011235955055
65,0,3,False,0.8111111111111111,0.4666666666666667,0.5111111111111111,-0.01733333333333335,-2.5620531337503614e-17,0.01893727187844832,-0.007471031140693458,0.556,0.34532374100719426
66,0,3,True,0.8,0.6111111111111112,0.688888888888889,0.15957161981258366,0.01666666666666665,0.07482311320754703,0.08118904501133489,0.82,0.7463414634146341
67,0,2,False,0.7777777777777777,0.5444444444444444,0.5555555555555555,0.08026666666666668,0.10833333333333334,0.09817791620880445,0.05252722856289839,0.596,0.44966442953020136
68,0,3,True,0.9333333333333333,0.6333333333333333,0.7111111111111111,0.020799999999999992,0.033333333333333326,0.009363588941053715,0.008534080298786174,0.524,0.7786259541984732
69,0,1,True,0.4888888888888888,0.5777777777777777,0.6,0.10977242302543501,0.219047619047619,-0.05835013588147625,0.1758308931821289,0.748,0.17647058823529413
70,0,2,False,0.7333333333333334,0.6222222222222222,0.6666666666666666,0.07146666666666668,0.12000000000000002,0.0626883468834688,0.07402189350187062,0.88,0.6409090909090909
71,0,2,False,0.7333333333333333,0.6444444444444444,0.6888888888888888,-0.22426666666666664,-0.009523809523809521,-0.1313413993526849,-0.07466581135813263,0.152,0.21052631578947367
72,0,1,False,0.7222222222222221,0.5555555555555556,0.5555555555555555,0.06506666666666665,0.19999999999999996,-0.007560568086883913,0.08103161231868976,0.912,0.3157894736842105
73,0,2,False,0.6,0.5111111111111111,0.5777777777777777,-0.1378848728246319,0.0,0.006424236692359679,-0.07647143267298324,0.084,0.0
74,0,1,True,0.6111111111111112,0.6222222222222222,0.6,-0.07496653279785812,0.033333333333333326,-0.06653372561839377,0.0352254428341385,0.46,0.06086956521739131
75,0,2,True,0.7222222222222222,0.5666666666666667,0.6222222222222222,0.1009370816599732,0.02999999999999999,0.10453317901234564,0.03212491730699012,0.972,0.46502057613168724
76,0,1,False,0.6888888888888889,0.5444444444444445,0.5111111111111111,0.1365461847389558,0.12222222222222219,0.13304659498207871,0.1323139146117869,1.0,0.632
77,0,1,False,0.711111111111111,0.5888888888888888,0.6222222222222222,-0.04631860776439085,0.2266666666666667,0.07003367003367028,0.13296187099153214,0.252,0.5873015873015873
78,0,0,True,0.6,0.5888888888888888,0.6222222222222222,0.22373333333333328,0.3037037037037037,0.22275769745649265,0.28812538636886464,1.0,0.096
79,0,2,True,0.8333333333333334,0.7777777777777778,0.7777777777777777,0.08453333333333336,0.1333333333333334,0.03193530461232486,0.04665938143695218,0.656,0.5914634146341463
80,0,3,False,0.9444444444444444,0.7444444444444445,0.7333333333333334,-0.04471218206157966,0.011111111111111127,-0.08521741067450772,-0.0299165190142634,0.424,0.24528301886792453
81,0,2,False,0.6888888888888889,0.5888888888888889,0.6,0.11566265060240966,0.10526315789473684,0.11657509157509156,0.09873007943209182,0.68,0.6588235294117647
82,0,2,False,0.5777777777777777,0.5333333333333333,0.5555555555555555,0.017670682730923676,0.0,-0.08861442653432323,-0.03206678009918756,0.772,0.0
83,0,2,True,0.6444444444444444,0.4222222222222222,0.4444444444444445,-0.1274666666666667,-0.026666666666666707,-0.077336318800385,-0.07445056452463862,0.432,0.18518518518518517
84,0,3,False,0.6888888888888889,0.8,0.8000000000000002,0.10986666666666667,0.14666666666666664,0.054683799445704194,0.10687362429084281,0.204,0.9215686274509803
85,0,1,True,0.5,0.6222222222222222,0.6444444444444444,-0.06906666666666668,-0.011111111111111127,-0.0498689956331878,-0.006809320142653484,0.54,0.08888888888888889
86,0,1,True,0.6444444444444444,0.6111111111111112,0.6666666666666666,-0.16224899598393577,-0.026666666666666693,-0.16344086021505372,-0.02396071346334383,0.336,0.20238095238095238
87,0,2,True,0.7666666666666666,0.4111111111111111,0.5111111111111111,-0.32583668005354743,0.01666666666666665,-0.32870225013082166,-0.20469809823850582,0.328,0.2804878048780488
88,0,2,True,0.7444444444444445,0.4666666666666667,0.5333333333333333,-0.04186666666666668,-0.05,-0.03216778523489936,-0.03403295059353811,0.748,0.42780748663101603
89,0,3,False,0.7444444444444445,0.7666666666666666,0.7777777777777778,0.1096,0.2,0.10312388931200814,0.15416690681171424,0.368,0.6847826086956522
90,0,1,True,0.6444444444444444,0.5777777777777777,0.5555555555555555,0.01999999999999996,0.19999999999999996,-0.01915443745632435,0.061853741496598585,0.636,0.3081761006289308
91,0,3,False,0.8888888888888888,0.6888888888888889,0.7333333333333333,-0.09825970548862116,-0.08666666666666668,-0.08629220003413553,-0.11686806296932156,0.604,0.7019867549668874
92,0,3,False,0.6777777777777778,0.6,0.6444444444444444,-0.16546184738955824,-0.03636363636363637,0.02387557797393855,-0.03566045066045069,0.36,0.6888888888888889
93,0,2,True,0.8222222222222222,0.6333333333333333,0.6888888888888888,-0.12101740294511383,-0.022222222222222254,-0.11315898441756561,-0.07701632027163938,0.356,0.3146067415730337
94,0,2,False,0.6,0.6777777777777778,0.6888888888888888,-0.22195448460508707,-0.01666666666666669,-0.13104462344968662,0.003191315539141648,0.192,0.2916666666666667
95,0,0,True,0.5222222222222221,0.6111111111111112,0.5777777777777778,0.13119143239625164,0.12222222222222219,0.13091397849462344,0.1306926141910093,1.0,0.228
96,0,3,False,0.8111111111111111,0.8,0.7999999999999999,-0.054082998661311936,-0.06666666666666668,-0.07981327688215821,-0.04245553806807007,0.224,0.6071428571428571
97,0,2,True,0.6777777777777778,0.5888888888888888,0.6444444444444444,-0.17253333333333334,-0.0888888888888889,-0.0739436866133699,-0.14076047590753482,0.264,0.5
98,0,2,True,0.8666666666666667,0.6444444444444444,0.688888888888889,-0.17706666666666668,-0.08333333333333337,-0.13506884000633002,-0.09021784175484363,0.224,0.0
99,0,1,True,0.7555555555555555,0.7333333333333333,0.7777777777777777,-0.11593038821954488,0.028571428571428532,-0.11559139784946229,-0.014203852901655914,0.344,0.38372093023255816
100,0,2,False,0.8777777777777778,0.711111111111111,0.7333333333333333,-0.1820615796519411,-0.11111111111111112,-0.09959833621163523,-0.12298512106437619,0.056,0.0
101,0,3,False,0.8666666666666667,0.6666666666666667,0.7111111111111111,-0.17563587684069612,-0.26666666666666666,-0.12005404725992969,-0.22206202580815582,0.344,0.6976744186046512
102,0,2,False,0.6,0.5444444444444445,0.5777777777777778,0.08460508701472555,0.09999999999999998,0.05903586301612612,0.06178095806002778,0.376,0.4574468085106383
103,0,3,True,0.8333333333333334,0.6444444444444444,0.7333333333333334,-0.1761713520749665,-0.15238095238095242,-0.19248677248677243,-0.14771764587554054,0.432,0.28703703703703703
104,0,2,False,0.7333333333333334,0.4666666666666667,0.48888888888888893,-0.19680000000000003,0.09999999999999998,-0.22592724829638144,-0.18132140615191447,0.324,0.7407407407407407
105,0,3,True,0.9333333333333333,0.47777777777777775,0.5555555555555555,-0.07440000000000001,0.0,-0.08993133303478133,-0.1333451536643026,0.832,0.7355769230769231
106,0,2,False,0.7999999999999999,0.5222222222222221,0.5333333333333333,-0.0834666666666667,-0.03809523809523812,-0.013263107263107213,-0.06411878609086036,0.52,0.5538461538461539
107,0,2,True,0.6777777777777778,0.5222222222222221,0.48888888888888893,0.15876840696117803,0.14999999999999997,0.16272009714632651,0.1173617406558583,0.912,0.30701754385964913
108,0,2,False,0.7555555555555555,0.5,0.48888888888888893,-0.09477911646586347,0.04444444444444442,-0.13612461542074733,-0.043810473341879146,0.44,0.24545454545454545
109,0,2,False,0.7777777777777777,0.6666666666666667,0.7111111111111111,-0.20986666666666665,-0.09333333333333335,-0.13400914610354123,-0.1629954909598286,0.328,0.4634146341463415
110,0,3,False,0.8111111111111111,0.7222222222222221,0.7333333333333333,0.0021333333333333543,0.044444444444444474,-0.0428474278474278,-0.003436924720459915,0.428,0.2897196261682243
111,0,2,True,0.8333333333333333,0.7,0.7555555555555555,-0.10559999999999997,-0.029629629629629624,-0.1396624472573839,-0.08566406634338321,0.312,0.4230769230769231
112,0,2,True,0.5888888888888888,0.6444444444444444,0.6444444444444444,-0.046318607764390944,0.12380952380952381,-0.03465838703064978,0.05742366186445133,0.348,0.1724137931034483
113,0,3,False,0.9777777777777777,0.6444444444444444,0.6888888888888888,-0.018133333333333355,-0.022222222222222254,-0.06001310796632434,-0.0045098573940233555,0.508,0.33858267716535434
114,0,1,False,0.8111111111111111,0.5888888888888888,0.6,0.23828647925033472,0.1777777777777778,0.23664994228911945,0.14251153158972363,0.98,0.8285714285714286
115,0,2,True,0.7444444444444445,0.6888888888888889,0.7111111111111111,-0.05760000000000003,0.039999999999999966,-0.03446770441939528,-0.024537221252392227,0.504,0.2777777777777778
116,0,3,True,0.8444444444444443,0.7,0.7555555555555555,0.16760374832663988,0.0666666666666666,0.08275677125234629,0.04109560364984566,0.744,0.8817204301075269
117,0,3,True,0.8666666666666667,0.611111111111111,0.6222222222222222,-0.04016064257028114,-0.05777777777777779,-0.027210374406404274,-0.061702333614098326,0.592,0.7837837837837838
118,0,3,False,0.8777777777777778,0.7333333333333334,0.7555555555555555,0.036144578313252955,-0.011111111111111146,0.02422766986911713,-0.04047038717424119,0.536,0.48507462686567165
119,0,3,False,0.8222222222222222,0.6444444444444444,0.688888888888889,0.0527443105756359,0.20000000000000004,0.03314339981006655,0.042148262813897566,0.34,0.611764705882353
120,0,2,True,0.7555555555555555,0.7,0.7111111111111111,-0.022222222222222237,-0.00952380952380953,-0.06489244346387209,-0.05680225830533784,0.796,0.5025125628140703
121,0,3,False,0.8333333333333333,0.8,0.7111111111111112,0.100669344042838,0.04166666666666664,0.13630660120021823,0.08513261429928093,0.512,0.7578125
122,0,1,False,0.5444444444444444,0.7666666666666666,0.7111111111111111,0.02248995983935742,0.04999999999999999,0.022580645161290307,0.03262813003989474,0.48,0.425
123,0,3,True,0.9111111111111111,0.7777777777777777,0.8222222222222223,-0.12449799196787154,-0.19259259259259265,-0.115895696048368,-0.1820490253009329,0.396,0.8181818181818182
124,0,3,False,0.8777777777777778,0.7,0.7333333333333333,-0.05247657295850067,-0.02666666666666666,-0.04212092731829561,-0.06331799072977327,0.376,0.7659574468085106
125,0,2,True,0.6555555555555554,0.4666666666666667,0.5333333333333333,0.1563587684069612,0.040000000000000015,0.1813852813852813,0.14890898748882694,0.74,0.31891891891891894
126,0,3,False,0.6222222222222222,0.6,0.6444444444444445,0.20080321285140562,0.11111111111111112,0.02684828373653031,-0.03991360177552318,0.82,0.8146341463414634
127,0,2,True,0.6777777777777778,0.7,0.7555555555555555,-0.16894243641231596,-0.15238095238095242,-0.15440356744704592,-0.17937637778268178,0.316,0.21518987341772153
128,0,0,True,0.4666666666666667,0.5333333333333332,0.5333333333333333,0.07519999999999999,0.022222222222222216,0.07496653279785795,0.05229528848576466,1.0,0.668
129,0,0,True,0.42222222222222217,0.4,0.4444444444444445,0.08319999999999998,0.0857142857142857,0.08192771084337332,0.08827006731777173,1.0,0.344
130,0,3,True,0.8,0.5222222222222221,0.6222222222222221,-0.08005354752342708,0.15555555555555553,-0.15052156669482789,-0.13303503807021097,0.532,0.7368421052631579
131,0,3,False,0.711111111111111,0.6666666666666666,0.6888888888888888,-0.10575635876840697,-0.07777777777777779,-0.08433672821879556,-0.06398463367770198,0.264,0.16666666666666666
132,0,2,True,0.8,0.5111111111111111,0.6,-0.12503346720214192,0.011111111111111072,-0.10574494949494943,-0.06990191317306578,0.364,0.42857142857142855
133,0,2,True,0.7,0.7444444444444445,0.7999999999999999,0.045333333333333316,-0.11111111111111112,0.04775427601514558,-0.036439091711974604,0.864,0.75
134,0,2,False,0.7777777777777777,0.6222222222222222,0.6,-0.06320000000000003,0.06666666666666664,-0.0799484088193766,-0.05627181571815722,0.472,0.4067796610169492
135,0,3,False,0.6222222222222221,0.7,0.6666666666666666,-0.2463186077643909,-0.033333333333333354,-0.1271922200111316,-0.09073757769686264,0.176,0.0
136,0,1,True,0.7,0.6777777777777778,0.7111111111111111,-0.2757697456492638,-0.0888888888888889,-0.2713900134952767,-0.1730455809062888,0.088,0.0
137,0,2,True,0.6111111111111112,0.6333333333333333,0.6666666666666666,-0.061866666666666674,-0.05555555555555556,-0.15169326020111365,-0.036315101216702214,0.352,0.3522727272727273
138,0,3,True,0.9,0.6333333333333333,0.6444444444444444,0.16680053547523432,0.2166666666666667,0.06025143596180898,0.11210063042508556,0.824,0.6990291262135923
139,0,3,True,0.9777777777777777,0.8666666666666667,0.888888888888889,-0.03146666666666665,-0.08333333333333331,-0.03973511364618432,-0.08718780611659864,0.756,0.8465608465608465
140,0,2,True,0.6777777777777778,0.5555555555555556,0.5777777777777778,-0.33706666666666674,-0.2333333333333333,-0.2306893451238862,-0.27972365760034024,0.232,0.0
141,0,1,True,0.6777777777777778,0.6555555555555554,0.6666666666666666,-0.15287817938420353,0.06666666666666665,-0.05934001670843775,-0.03207602339181285,0.152,0.0
142,0,2,False,0.6888888888888889,0.6666666666666665,0.6666666666666666,0.06746666666666666,0.033333333333333326,0.03993982778296498,0.06573461902928311,0.804,0.6069651741293532
143,0,1,True,0.6888888888888889,0.6,0.6222222222222222,0.3167336010709505,0.24444444444444446,0.32372335600907,0.2707034045612058,0.98,0.6408163265306123
144,0,3,False,0.8111111111111111,0.6222222222222222,0.6444444444444444,0.03989290495314591,0.05333333333333332,0.028943803990637194,0.031288656525412094,0.72,0.4111111111111111
145,0,2,False,0.7888888888888889,0.8222222222222222,0.8222222222222223,0.06373333333333334,0.06666666666666667,-0.0005420054200542326,0.02570488442673984,0.684,0.7426900584795322
146,0,1,True,0.5,0.4,0.48888888888888893,0.09200000000000001,0.25999999999999995,-0.019105691056910623,0.17366141735743812,0.604,0.15894039735099338
147,0,2,False,0.7222222222222221,0.5777777777777777,0.5777777777777778,-0.07576974564926375,0.12380952380952379,-0.005290342732203209,0.03885899166429854,0.464,0.1724137931034483
148,0,1,True,0.5111111111111111,0.5777777777777777,0.6222222222222222,-0.06853333333333335,-0.02000000000000001,-0.06773761713520753,-0.02033775909852509,0.648,0.4382716049382716
149,0,3,False,0.8777777777777778,0.611111111111111,0.6222222222222222,0.03507362784471221,0.15000000000000005,0.028924493262728612,0.08041590472216205,0.34,0.12941176470588237
150,0,2,True,0.7222222222222222,0.5555555555555556,0.6,-0.32666666666666666,-0.10000000000000003,-0.13094233473980338,-0.04819247753921133,0.156,0.46153846153846156
151,0,3,True,0.9444444444444444,0.7555555555555555,0.7999999999999999,-0.15314591700133873,-0.16666666666666666,-0.11660714285714276,-0.14841751700680278,0.36,0.43333333333333335
152,0,1,True,0.5222222222222221,0.4,0.37777777777777777,-0.2197333333333333,0.11111111111111109,-0.1320965951147297,-0.013683324472798103,0.224,0.16071428571428573
153,0,1,True,0.5444444444444444,0.6555555555555554,0.688888888888889,-0.04480000000000003,0.0,0.06076228878648235,0.12487468671679203,0.128,0.0
154,1,3,False,0.8777777777777778,0.6111111111111112,0.6444444444444444,-0.06184738955823294,0.006060606060606044,-0.10294011544011548,-0.06384435459904308,0.4,0.27
155,1,3,False,0.7333333333333334,0.7666666666666666,0.7777777777777778,0.11271753681392237,0.06666666666666665,0.12133810681258508,0.08746286411089128,0.56,0.5642857142857143
156,1,3,False,0.8333333333333333,0.6444444444444444,0.6222222222222222,-0.016064257028112462,-0.04444444444444445,-0.00043659105030620024,-0.03723778297054159,0.836,0.45933014354066987
157,1,2,False,0.7777777777777777,0.8666666666666667,0.8444444444444444,0.26372155287817944,0.13333333333333336,0.21748117182575255,0.15310856883846174,0.888,0.9954954954954955
158,1,1,False,0.5111111111111111,0.7555555555555555,0.7111111111111112,0.18393574297188758,0.1866666666666667,0.20950221269343877,0.18922915864367074,0.86,0.8465116279069768
159,1,2,False,0.711111111111111,0.5999999999999999,0.6,-0.09022757697456493,0.016666666666666663,-0.1298605524269241,-0.10251445139459299,0.504,0.4523809523809524
160,1,3,False,0.9111111111111111,0.5111111111111111,0.5333333333333333,-0.14457831325301207,-0.13333333333333333,-0.13833150091620855,-0.18535509599096553,0.452,0.2920353982300885
161,1,2,False,0.711111111111111,0.7222222222222222,0.6666666666666666,-0.1710843373493976,-0.06666666666666667,-0.15258993549148983,-0.09955426874297421,0.176,0.18181818181818182
162,1,3,False,0.8555555555555556,0.7444444444444445,0.7333333333333333,-0.2677376171352075,-0.18888888888888888,-0.17709897546236877,-0.2367326065947203,0.196,0.6326530612244898
163,1,2,False,0.6777777777777778,0.5444444444444445,0.6222222222222222,0.1467202141900937,0.05185185185185184,0.1062302236770321,0.08413721290749153,0.832,0.8028846153846154
164,1,3,False,0.7999999999999999,0.6222222222222222,0.6666666666666666,0.018473895582329314,0.058333333333333334,0.050015610974515096,0.009599815234735869,0.552,0.5507246376811594
165,1,1,False,0.5888888888888888,0.8222222222222222,0.8222222222222223,0.2479250334672022,0.06666666666666676,0.2475806451612905,0.27736322869955166,1.0,0.896
166,1,1,False,0.6333333333333333,0.45555555555555555,0.4444444444444445,-0.11164658634538152,0.0,-0.1863796650014693,-0.08059483726150392,0.664,0.6024096385542169
167,1,1,True,0.6333333333333333,0.6444444444444444,0.6444444444444444,0.10763052208835339,0.10666666666666665,0.11123456790123445,0.11252589194683109,1.0,0.116
168,1,3,True,0.7222222222222222,0.6333333333333333,0.6444444444444444,0.1223560910307898,0.11999999999999997,0.06784336944520003,0.0784522445497401,0.832,0.3173076923076923
169,1,3,True,0.8,0.7777777777777777,0.7999999999999999,0.09665327978580993,0.0,0.07385815339943773,0.030915429886018104,0.7,0.5542857142857143
170,1,0,True,0.45555555555555555,0.4111111111111111,0.4444444444444444,0.05247657295850066,0.06666666666666665,0.05268817204301065,0.05308331784871971,1.0,0.228
171,1,3,False,0.8444444444444443,0.7,0.7333333333333333,0.087817938420348,0.06666666666666662,0.07598889729396545,0.05619315105553633,0.476,0.7310924369747899
172,1,3,False,0.8333333333333333,0.6222222222222222,0.6444444444444444,0.1520749665327979,0.009523809523809537,0.06204229232676667,-0.011469386876995662,0.768,0.90625
173,1,3,False,0.8888888888888888,0.47777777777777775,0.5333333333333333,-0.0286479250334672,-0.0666666666666667,-0.04982624966586475,-0.08744339951236504,0.864,0.7731481481481481
174,1,2,True,0.7888888888888889,0.7,0.7555555555555555,0.0508701472556894,0.06666666666666665,-0.03448143011249814,-0.01526081252316358,0.748,0.6470588235294118
175,1,2,True,0.611111111111111,0.6444444444444444,0.6888888888888888,-0.0779116465863454,-0.03333333333333336,-0.08339495798319334,-0.06124911614940943,0.624,0.40384615384615385
176,1,3,True,0.9,0.6555555555555554,0.6666666666666666,0.032128514056224904,0.06666666666666668,-0.009128486684336752,-0.0015739612594623809,0.732,0.7213114754098361
177,1,1,True,0.4888888888888889,0.5333333333333333,0.6,-0.2752342704149933,0.08333333333333331,-0.2747311827956984,0.01214125380792051,0.184,0.30434782608695654
178,1,2,False,0.8111111111111111,0.4777777777777778,0.48888888888888893,0.10736278447121818,0.04166666666666665,0.09975488242890768,0.04592789796298566,0.964,0.5767634854771784
179,1,1,False,0.7222222222222221,0.6444444444444444,0.6666666666666666,0.23239625167336014,0.2444444444444445,0.08978428978428987,0.2554102849716885,0.936,0.1623931623931624
180,1,1,False,0.4666666666666666,0.4666666666666667,0.5111111111111111,0.043908969210174016,0.06666666666666665,0.036965605914496893,0.051743353447898856,0.748,0.0
181,1,3,False,0.9888888888888889,0.5666666666666667,0.5777777777777778,0.006693440428380181,0.04999999999999999,-0.03188201514914525,0.004167892850405569,0.912,0.5789473684210527
182,1,3,True,0.7444444444444445,0.5555555555555556,0.6222222222222222,-0.13654618473895586,-0.20000000000000004,-0.11653439153439138,-0.21966716561400942,0.368,0.4782608695652174
183,1,1,True,0.5777777777777777,0.5333333333333333,0.5333333333333333,-0.19678714859437754,-0.022222222222222237,-0.10815993472052232,-0.03940167880017499,0.356,0.29213483146067415
184,1,2,False,0.6333333333333333,0.6444444444444444,0.6222222222222222,-0.013654618473895609,0.06666666666666665,-0.03163373083896694,-0.04326957776975819,0.456,0.0
185,1,2,False,0.8,0.26666666666666666,0.37777777777777777,0.2198125836680054,0.2250000000000001,0.20143674452617522,0.17518295917363572,0.764,0.13612565445026178
186,1,2,False,0.6777777777777778,0.6,0.6,0.07068273092369474,0.1333333333333333,-0.00883011700621783,0.10783854527005199,0.688,0.47093023255813954
187,1,2,False,0.7555555555555555,0.6222222222222222,0.6,0.15421686746987953,0.09166666666666667,0.07078609598039647,0.08954560044973987,0.772,0.7512953367875648
188,1,1,True,0.5777777777777777,0.6777777777777778,0.688888888888889,0.19839357429718868,0.15757575757575754,0.19919354838709669,0.1532856681362116,0.98,0.20408163265306123
189,1,1,True,0.7888888888888889,0.7333333333333334,0.6666666666666666,0.25167336010709507,0.13333333333333341,0.28851928851928843,0.24335826210826195,0.684,0.847953216374269
190,1,2,False,0.9222222222222223,0.6444444444444444,0.6666666666666666,0.11646586345381524,0.14999999999999997,0.07437611408199632,0.055511946990207804,0.904,0.17256637168141592
191,1,2,False,0.6666666666666666,0.5333333333333332,0.5333333333333333,0.13601070950468538,0.1333333333333333,0.1269289019695964,0.09691241023554392,0.904,0.29646017699115046
192,1,3,True,0.8555555555555555,0.36666666666666664,0.4222222222222222,-0.0021419009370816596,0.1,-0.06457236496012458,0.01993159604795311,0.584,0.4794520547945205
193,1,3,False,0.8333333333333333,0.5555555555555556,0.6,0.17590361445783131,0.0814814814814815,0.05503977968176249,0.11799612880718875,0.672,0.8511904761904762
194,1,3,False,0.8222222222222222,0.7222222222222221,0.7555555555555555,0.053815261044176686,0.013333333333333308,0.013012862486546567,-0.025212759781725394,0.58,0.7034482758620689
195,1,3,False,0.9444444444444444,0.7666666666666666,0.8222222222222223,-0.04390896921017404,-0.16296296296296298,-0.042032859927596734,-0.16317559130801915,0.736,0.8532608695652174
196,1,2,True,0.8888888888888888,0.7222222222222222,0.7777777777777778,0.21579651941097724,0.15555555555555559,0.15489424237652877,0.06494116814698722,0.864,0.8935185185185185
197,1,2,False,0.8,0.7777777777777777,0.7777777777777777,0.19785809906291835,0.09523809523809522,0.19584410419566492,0.12241693866530469,0.944,0.5805084745762712
198,1,2,False,0.8666666666666667,0.6666666666666665,0.6444444444444444,0.060776439089692116,0.20000000000000004,0.06177276486554839,0.1129951525718116,0.704,0.24431818181818182
199,1,2,True,0.8111111111111111,0.42222222222222217,0.5333333333333333,0.22222222222222224,0.15333333333333338,0.2740549828178692,0.15314120947763837,0.92,0.6652173913043479
200,1,3,True,0.8111111111111111,0.8,0.8444444444444444,-0.04417670682730926,-0.0777777777777778,-0.0403600654664485,-0.07070322975084879,0.584,0.910958904109589
201,1,1,False,0.6888888888888889,0.5,0.5111111111111111,0.1440428380187416,0.18,0.14056194125159627,0.15815956770502226,0.528,0.5227272727272727
202,1,3,False,0.8555555555555556,0.7,0.6444444444444445,-0.03293172690763053,-1.5419764230904953e-17,0.031673541999690705,-0.024102683328190183,0.372,0.40860215053763443
203,1,3,False,0.9444444444444444,0.8333333333333334,0.8222222222222223,-0.07362784471218206,-0.14285714285714285,0.03494421337558598,-0.13376856793164266,0.324,0.9135802469135802
204,1,3,False,0.9222222222222223,0.8777777777777778,0.8444444444444444,-0.15448460508701473,-0.1,-0.15351185347208413,-0.15485843843265626,0.228,0.8771929824561403
205,1,2,False,0.7666666666666666,0.5888888888888888,0.6444444444444445,-0.1729585006693441,-0.09444444444444446,-0.09720246238030096,-0.07268042517802441,0.236,0.3389830508474576
206,1,3,False,0.6,0.5333333333333333,0.5333333333333333,0.07228915662650601,0.06666666666666665,0.057145773189863795,0.07353151361554722,0.74,0.24324324324324326
207,1,2,False,0.6,0.6222222222222222,0.6666666666666666,0.09103078982597054,0.05925925925925925,0.14449852306294023,0.08778997009431791,0.876,0.3470319634703196
208,1,3,False,0.7666666666666666,0.6333333333333333,0.7111111111111111,0.015261044176706815,0.03809523809523807,-0.044667943805874855,-0.006133848750228078,0.588,0.8571428571428571
209,1,3,True,0.9222222222222223,0.6888888888888889,0.7111111111111111,-0.03828647925033466,-0.05000000000000002,-0.028983637374003265,-0.02765308615249379,0.464,0.5603448275862069
210,1,2,True,0.8,0.6444444444444444,0.7111111111111111,0.21499330655957163,0.11111111111111115,0.006227106227106274,0.119661568112263,0.876,0.3881278538812785
211,1,1,True,0.5111111111111111,0.6111111111111112,0.6444444444444444,-0.07309236947791169,0.02222222222222218,-0.04852519539688147,0.019937899402185134,0.288,0.3055555555555556
212,1,2,False,0.8555555555555556,0.5666666666666667,0.6222222222222222,0.16331994645247663,0.10000000000000003,0.16659054826993738,0.09079871105061502,0.912,0.6535087719298246
213,1,1,True,0.7555555555555555,0.6,0.6444444444444444,0.18661311914323964,0.22666666666666666,-0.03780487804878044,0.13570283054566676,0.928,0.6120689655172413
214,1,3,False,0.8555555555555555,0.6333333333333333,0.6222222222222222,0.10174029451137881,-0.0888888888888889,0.03936244127469279,0.014756141927752042,0.724,0.6574585635359116
215,1,3,False,0.6555555555555554,0.6444444444444444,0.688888888888889,0.03587684069611784,0.0666666666666667,-0.012652192422307368,-0.03647536687631034,0.6,0.9066666666666666
216,1,2,False,0.7111111111111111,0.6111111111111112,0.6444444444444445,0.22195448460508702,0.2111111111111111,0.15666925666925657,0.21187079563008002,0.688,0.37790697674418605
217,1,3,False,0.9666666666666667,0.6555555555555556,0.6,0.029451137884872823,0.029629629629629634,0.018001428165685143,-0.05588960601891635,0.856,0.7850467289719626
218,1,2,False,0.7999999999999999,0.6222222222222222,0.6444444444444444,0.21338688085676044,0.0,0.13077678092170844,0.043861907685112105,0.848,0.8537735849056604
219,1,3,False,0.9,0.8,0.8000000000000002,-0.1206989247311828,-0.09696969696969698,-0.12719961240310068,-0.13095052190160886,0.428,0.8037383177570093
220,1,3,False,0.9,0.7666666666666666,0.7777777777777778,0.028915662650602407,-0.05833333333333335,0.0024783473191116664,-0.02462988143543699,0.4,0.82
221,1,0,True,0.5777777777777777,0.4555555555555555,0.5111111111111111,0.16947791164658632,0.18095238095238092,0.16854838709677417,0.153327098004378,1.0,0.08
222,1,1,True,0.6555555555555554,0.7666666666666666,0.7999999999999999,0.22945113788487279,0.1333333333333333,0.23118279569892486,0.11779946442446432,0.976,0.8278688524590164
223,1,1,False,0.7666666666666666,0.7,0.688888888888889,-0.25354752342704157,-0.044444444444444474,-0.2551075268817207,-0.0061136478944699285,0.12,0.16666666666666666
224,1,2,True,0.7,0.5555555555555556,0.6666666666666666,0.0042838018741633045,-0.007407407407407424,-0.01880341880341885,-0.031916991613232214,0.84,0.32857142857142857
225,1,2,False,0.7222222222222221,0.711111111111111,0.7333333333333333,0.09022757697456495,0.05000000000000002,0.11452754417285145,0.04358346624136099,0.956,0.27615062761506276
226,1,3,True,0.7222222222222222,0.7999999999999999,0.8222222222222223,0.0008032128514055925,-0.1666666666666667,0.012428504453820901,-0.12738069777998798,0.608,0.9736842105263158
227,1,2,True,0.7333333333333334,0.7,0.7555555555555555,0.16492637215528785,0.10175438596491229,0.16478494623655895,0.11282825635484044,0.8,0.45
228,1,3,True,0.8111111111111111,0.711111111111111,0.7333333333333334,0.05809906291834005,0.020000000000000018,0.00669167730949341,0.033063718968922115,0.56,0.36428571428571427
229,1,1,True,0.7888888888888889,0.5555555555555556,0.5777777777777778,0.25327978580990634,0.30000000000000004,0.25168650793650793,0.19870733863837312,0.936,0.7264957264957265
230,1,2,False,0.7555555555555555,0.7888888888888888,0.7999999999999999,0.11726907630522083,0.016666666666666663,0.13181488203266772,0.04725992688840977,0.712,0.8876404494382022
231,1,3,False,0.9555555555555555,0.7555555555555555,0.7555555555555555,-0.027576974564926367,0.06666666666666668,-0.06938083713663933,0.004996438746438743,0.764,0.5968586387434555
232,1,3,False,0.8111111111111111,0.7333333333333334,0.7333333333333334,0.09959839357429716,0.05555555555555552,0.020523302330232987,0.016200014996805578,0.852,0.8873239436619719
233,1,3,False,0.9111111111111111,0.6444444444444444,0.688888888888889,0.04161358811040337,-2.7755575615628914e-17,0.03760091060327458,0.01367821903536184,0.452,0.5929203539823009
234,1,3,True,0.7888888888888889,0.7666666666666666,0.7999999999999999,0.07068273092369477,0.06666666666666664,0.0743069795701374,0.04253580144103017,0.836,0.6076555023923444
235,1,3,False,0.9333333333333333,0.7222222222222221,0.7555555555555555,-0.10441767068273092,-0.06666666666666668,-0.06839776412357058,-0.12303396943626828,0.328,0.6829268292682927
236,1,0,True,0.6666666666666667,0.5666666666666667,0.5777777777777778,0.19491298527443104,0.2333333333333333,0.19489247311827965,0.21676847684031594,1.0,0.58
237,1,3,False,0.9,0.7555555555555555,0.7555555555555555,0.17215528781793846,0.02962962962962963,0.1336507936507936,0.045955282103254474,0.68,0.5117647058823529
238,1,2,False,0.7333333333333333,0.5666666666666667,0.5777777777777778,0.2559571619812584,0.13333333333333336,0.1688831318364997,0.15364125120704383,0.804,0.3880597014925373
239,1,3,True,0.8,0.6444444444444444,0.6444444444444444,0.02463186077643908,0.06666666666666667,0.019808854359353794,0.038640641136103916,0.712,0.4943820224719101
240,1,2,False,0.6777777777777778,0.711111111111111,0.7333333333333333,-0.19196787148594377,-0.16000000000000003,-0.10922853471873072,-0.12532877614456553,0.368,0.30434782608695654
241,1,3,True,0.7222222222222221,0.8111111111111111,0.8444444444444444,-0.20401606425702815,-0.07407407407407413,-0.07349137931034475,-0.03505911333568035,0.228,0.9473684210526315
242,1,2,False,0.5444444444444445,0.6444444444444444,0.6666666666666666,-0.13788487282463188,-0.011764705882352965,-0.09842976617170163,-0.026833117059274263,0.16,0.225
243,1,3,False,0.8777777777777778,0.5222222222222221,0.6222222222222222,0.17295850066934404,-0.04000000000000005,0.16085895025288952,-0.13059969768945937,0.864,0.8611111111111112
244,1,2,False,0.7555555555555555,0.7444444444444445,0.7555555555555555,-0.018473895582329317,-0.05555555555555556,-0.04484126984126985,-0.06688761926108343,0.596,0.3825503355704698
245,1,2,False,0.8222222222222222,0.7,0.7111111111111111,0.15769745649263728,0.14666666666666672,0.09302273615999093,0.15811690546595103,0.528,0.6742424242424242
246,1,1,False,0.5333333333333333,0.7,0.6888888888888888,0.179384203480589,0.12000000000000004,0.18386724386724373,0.1512197159565581,0.948,0.12658227848101267
247,1,3,True,0.6888888888888889,0.6,0.6444444444444444,0.01311914323962517,0.014814814814814843,0.03507712150773731,0.02902494288546919,0.68,0.4
248,1,3,False,0.8555555555555555,0.5333333333333333,0.5333333333333333,0.12985274431057564,0.13333333333333333,0.10049877658573311,0.14297718456733008,0.652,0.656441717791411
249,1,3,False,0.9444444444444444,0.7555555555555555,0.7555555555555555,-0.04578313253012049,-0.013333333333333341,-0.03191219990821187,-0.0562403605951993,0.9,0.6844444444444444
250,1,1,False,0.8555555555555555,0.5777777777777777,0.5777777777777778,0.2492637215528782,0.1166666666666667,0.22930828037211015,0.150809104873621,0.996,0.8755020080321285
251,1,2,False,0.611111111111111,0.7,0.7333333333333333,0.07175368139223559,-0.013333333333333358,0.09869528619528614,0.014061023880431069,0.812,0.5073891625615764
252,1,3,False,0.8444444444444443,0.5555555555555556,0.6222222222222222,0.07041499330655955,0.18095238095238095,0.08191422088308592,0.06436152647789187,0.616,0.5714285714285714
253,1,2,True,0.8333333333333333,0.7888888888888889,0.8222222222222223,0.21285140562248994,0.2666666666666666,0.06762295081967205,0.08305194805194802,0.9,0.9822222222222222
254,1,1,True,0.5,0.6333333333333333,0.6666666666666666,-0.05381526104417671,0.13333333333333336,-0.06941315945465329,0.11629138355592299,0.26,0.4461538461538462
255,1,2,False,0.6666666666666666,0.5888888888888888,0.5777777777777778,0.046854082998661284,0.15555555555555553,-0.019504449529621253,0.04748643118857644,0.684,0.3333333333333333
256,1,3,True,0.8222222222222222,0.6333333333333333,0.6888888888888888,0.006961178045515374,0.11999999999999997,-0.009706614665961608,-0.03985516541072101,0.568,0.5140845070422535
257,1,1,False,0.7888888888888889,0.6888888888888889,0.6666666666666666,0.08380187416332,0.22222222222222232,0.08548387096774195,0.12911268438496523,0.476,0.7226890756302521
258,1,3,False,0.8444444444444444,0.8111111111111111,0.8000000000000002,0.0315930388219545,0.0066666666666666706,0.04747400109469083,-0.018176778444412355,0.532,0.7218045112781954
259,1,3,True,0.8777777777777778,0.6666666666666666,0.7111111111111111,-0.09049531459170015,0.06666666666666667,-0.15917076167076175,-0.0803288813991371,0.532,0.6240601503759399
260,1,3,True,0.7222222222222221,0.7888888888888889,0.8222222222222223,0.0037483266398929058,-0.006060606060606039,0.017123015873015894,-0.00975716345201641,0.304,0.7105263157894737
261,1,3,False,0.8222222222222222,0.6666666666666666,0.6888888888888888,-0.05354752342704149,0.06666666666666665,-0.00895011448572774,-0.030606939356939304,0.28,0.5142857142857142
262,1,3,True,0.7888888888888889,0.7666666666666666,0.7777777777777777,0.06341463414634149,-0.022222222222222206,0.04518059718059724,0.014108612360486475,0.58,0.7862068965517242
263,1,2,True,0.7,0.611111111111111,0.6,-0.08299866131191433,0.09333333333333332,-0.05299882855863649,0.028002036277898334,0.332,0.1566265060240964
264,1,3,False,0.9111111111111111,0.5666666666666667,0.6000000000000001,0.01151271753681394,-0.02666666666666666,0.011567872988962266,-0.04167821745286531,0.524,0.7251908396946565
265,1,2,False,0.7,0.4888888888888889,0.48888888888888893,0.17670682730923695,0.13333333333333333,0.05440970714526936,0.12693079839411578,0.864,0.4583333333333333
266,1,3,False,0.8555555555555556,0.6777777777777778,0.6888888888888888,0.24658634538152613,0.1111111111111112,0.06924382716049396,0.06061080732133379,0.9,0.9111111111111111
267,1,1,True,0.7666666666666666,0.5888888888888888,0.5777777777777778,0.20749665327978578,0.14999999999999997,0.20528972013062352,0.13307440960123873,0.956,0.9037656903765691
268,1,2,True,0.7333333333333334,0.6555555555555554,0.6666666666666666,-0.08701472556894245,-0.08333333333333334,-0.0787202796681827,-0.1696730430063764,0.716,0.6033519553072626
269,1,2,True,0.6888888888888889,0.711111111111111,0.7777777777777778,-0.09451137884872822,-0.044444444444444474,-0.0954301075268815,-0.07100991807695714,0.196,0.46938775510204084
270,1,2,False,0.7444444444444445,0.6,0.6444444444444445,-0.006961178045515408,0.008333333333333318,-0.015939638822462306,-0.033055433109552786,0.536,0.582089552238806
271,1,3,True,0.6444444444444444,0.711111111111111,0.7555555555555555,-0.02784471218206161,-0.01666666666666669,-0.04630944093920635,-0.05824991346486674,0.2,0.7
272,1,2,True,0.6666666666666666,0.6222222222222222,0.6222222222222222,-0.13440428380187416,-0.033333333333333326,-0.044665076525541504,-0.06835540649008137,0.56,0.6857142857142857
273,1,3,False,0.6111111111111112,0.6222222222222222,0.6666666666666666,-0.007764390896921054,-0.042424242424242434,-0.024635549318225165,-0.03574987118717771,0.496,0.5887096774193549
274,1,2,True,0.711111111111111,0.47777777777777775,0.5555555555555555,0.1373493975903614,0.2222222222222222,0.09966736547868614,0.12409308661787684,0.8,0.43
275,1,3,True,0.9111111111111111,0.5777777777777777,0.6222222222222222,-0.01419009370816599,0.09523809523809526,-0.04165531873384379,-0.007596930129257676,0.692,0.3988439306358382
276,1,2,True,0.7666666666666666,0.7333333333333333,0.7777777777777778,-0.0888888888888889,-0.10666666666666669,-0.0905913978494624,-0.08150176366843043,0.62,0.6451612903225806
277,1,3,True,0.8666666666666667,0.6111111111111112,0.6444444444444445,0.038018741633199446,-2.3790493384824782e-17,-0.037343204601937977,-0.06297566038483643,0.716,0.7374301675977654
278,1,2,False,0.8,0.4666666666666666,0.6,0.032931726907630486,0.2222222222222222,-0.049527665317139064,-0.04461722488038286,0.804,0.4975124378109453
279,1,3,False,0.8333333333333333,0.7777777777777777,0.7999999999999999,0.19330655957161985,0.051851851851851864,0.20301180301180302,0.07391637428593953,0.776,0.9484536082474226
280,1,3,True,0.9888888888888889,0.5888888888888888,0.5555555555555555,-0.05917001338688089,-0.0740740740740741,-0.047982070197492496,-0.09790858000858002,0.432,0.7222222222222222
281,1,3,True,0.4888888888888888,0.7666666666666666,0.7999999999999999,0.07978580990629186,-0.03888888888888888,0.0760204859976027,-0.00644640340820074,0.6,0.6266666666666667
282,1,3,False,0.9111111111111111,0.5777777777777777,0.6222222222222222,-0.011244979919678714,0.0,-0.011446006765279189,0.0019873704580755484,0.768,0.6510416666666666
283,1,1,True,0.43333333333333335,0.5666666666666667,0.6,0.0720214190093708,0.12941176470588234,0.05796536796536791,0.11952509669190542,0.6,0.20666666666666667
284,1,3,False,0.9,0.8555555555555556,0.8666666666666667,0.10361445783132535,0.11111111111111112,0.17455304928989143,0.11898825853143749,0.384,0.9583333333333334
285,1,1,False,0.6555555555555554,0.5888888888888889,0.5333333333333333,0.14136546184738957,0.19999999999999998,0.09938159879336338,0.1224700854700854,0.756,0.0
286,1,3,False,0.8999999999999999,0.6222222222222222,0.6222222222222222,0.01767068273092369,0.08333333333333331,-0.007930621255124585,0.01364016100858204,0.952,0.8445378151260504
287,1,3,True,0.9111111111111111,0.6777777777777778,0.7333333333333334,0.015261044176706826,0.008333333333333331,0.039226889453607264,0.014449981386807103,0.82,0.7804878048780488
288,1,3,False,0.8444444444444443,0.6333333333333333,0.6666666666666666,0.15662650602409645,0.08571428571428576,0.11579321253954555,0.07565150860077588,0.78,0.6307692307692307
289,1,3,False,0.9333333333333333,0.5777777777777777,0.6444444444444444,-0.03400267737617136,0.06666666666666665,-0.042032288698955374,-0.06988888888888892,0.84,0.7761904761904762
290,1,2,False,0.6555555555555554,0.3222222222222222,0.35555555555555557,0.17429718875502004,0.23636363636363636,0.10020576131687232,0.13170186745186743,0.872,0.3348623853211009
291,1,2,False,0.9,0.7444444444444445,0.7555555555555555,0.19384203480589027,0.0666666666666667,0.08786393345216886,0.04186904715027143,0.856,0.7663551401869159
292,1,3,False,0.7333333333333334,0.7666666666666666,0.7333333333333334,-0.27095046854083,-0.22222222222222224,-0.2151020364689843,-0.2020058448320885,0.104,0.0
293,1,1,False,0.7888888888888889,0.6777777777777778,0.6444444444444444,0.24444444444444452,0.2666666666666667,0.19868827160493835,0.18864980590126798,0.996,0.8714859437751004
294,1,0,True,0.5555555555555556,0.6,0.6,0.07389558232931726,0.022222222222222216,0.07392473118279558,0.07261299435028246,1.0,0.24
295,1,3,True,0.9444444444444444,0.5444444444444445,0.6000000000000001,-0.10120481927710845,-0.19999999999999998,-0.14612452362452363,-0.2132048374905518,0.732,0.6939890710382514
296,1,3,True,0.6777777777777778,0.6111111111111112,0.6666666666666666,0.0326639892904953,0.0,0.027276234567901212,0.02998696219035197,0.42,0.0
297,1,2,False,0.7,0.7,0.6444444444444445,0.13975903614457832,0.1696969696969697,0.048064329658532585,0.12407220962091299,0.928,0.4224137931034483
298,1,3,False,0.7777777777777777,0.6111111111111112,0.6444444444444445,0.13145917001338692,0.1333333333333334,0.1198456790123457,0.12994573427169007,0.824,0.6601941747572816
299,1,3,False,0.8111111111111111,0.4888888888888888,0.5111111111111111,0.13949129852744313,0.17777777777777778,0.11223058365888676,0.059116273135880956,0.78,0.8358974358974359
300,1,3,False,0.8888888888888888,0.7222222222222221,0.7555555555555555,0.0021419009370816453,-0.05000000000000003,0.011798941798941772,-0.06437182424549451,0.852,0.7136150234741784
301,1,3,True,0.8444444444444444,0.8444444444444443,0.8888888888888888,0.02784471218206159,-0.15999999999999998,0.047041742286751335,-0.0998731762065096,0.632,0.7911392405063291
302,1,3,True,0.7666666666666666,0.6888888888888889,0.6888888888888888,0.10120481927710841,0.0857142857142857,0.10687698037238219,0.07720811595811596,0.864,0.6527777777777778
303,1,2,True,0.8222222222222222,0.6666666666666666,0.7333333333333333,0.16706827309236952,0.1866666666666667,0.05858134920634921,0.11459987144348689,0.864,0.4212962962962963
304,1,2,False,0.7444444444444445,0.6444444444444444,0.6666666666666666,0.11298527443105753,0.04999999999999999,0.0980387814040344,0.05574333369514086,0.976,0.8360655737704918
305,1,3,False,0.8111111111111111,0.6888888888888889,0.7333333333333334,0.12931726907630525,0.07999999999999999,0.1099388966095338,0.054718213809761766,0.648,0.6851851851851852
306,1,3,False,0.9888888888888889,0.711111111111111,0.7333333333333334,-0.053815261044176714,-0.15238095238095242,-0.0015963460407904945,-0.09988037330316743,0.524,0.7251908396946565
307,1,3,False,0.9111111111111111,0.7444444444444445,0.7555555555555555,-0.09424364123159305,-0.05555555555555557,-0.11986346986346992,-0.15361685395583705,0.48,0.5416666666666666
308,1,3,True,0.8,0.6555555555555554,0.7111111111111111,-0.0931726907630522,0.0888888888888889,-0.09770266681840596,0.0021038172353961665,0.356,0.29213483146067415
309,1,3,False,0.8333333333333333,0.5666666666666667,0.5777777777777778,0.048995983935742955,0.026666666666666655,0.02476783446135656,0.012912558113896577,0.596,0.5436241610738255
310,1,3,True,0.8555555555555556,0.6333333333333333,0.5555555555555555,0.23293172690763056,0.25,0.12810479734392777,0.14203500044949208,0.924,0.7489177489177489
311,1,3,True,0.8555555555555556,0.7222222222222221,0.7555555555555555,0.03252032520325205,-0.022222222222222216,-0.008424908424908435,-0.0160499733010493,0.764,0.8219895287958116
312,1,3,False,0.6555555555555554,0.8,0.7777777777777777,0.22998661311914323,0.08333333333333336,0.171354621120703,0.11863090974822818,0.888,0.9774774774774775
313,1,2,False,0.6000000000000001,0.8111111111111111,0.8222222222222223,-0.07871485943775103,-0.08080808080808083,-0.0790322580645162,-0.07602048406546677,0.4,0.43
314,1,3,True,0.8444444444444443,0.6333333333333333,0.7111111111111111,0.022489959839357393,-0.022222222222222254,0.04820402298850564,-0.019207784554276318,0.44,0.8545454545454545
315,1,2,False,0.9,0.6111111111111112,0.6,0.14698795180722893,0.20952380952380953,0.14006177010252766,0.15738719782232494,0.912,0.4473684210526316
316,1,3,False,0.9222222222222223,0.7,0.7333333333333334,0.008299866131191432,-0.022222222222222237,0.05117571247933081,-0.04579028037293379,0.5,0.808
317,1,2,True,0.8555555555555555,0.6444444444444444,0.688888888888889,0.043908969210174016,-0.011111111111111118,0.051505873667296226,-0.01442059952929521,0.572,0.7412587412587412
318,1,2,True,0.7444444444444445,0.6,0.6444444444444445,-0.049263721552878156,0.009523809523809537,-0.15846913580246916,-0.06343665228533653,0.56,0.39285714285714285
319,1,3,False,0.8444444444444443,0.7,0.6888888888888888,0.18821954484605086,0.18666666666666665,0.07998118439294903,0.16426513205849294,0.86,0.44651162790697674
320,1,3,False,0.7777777777777777,0.5666666666666667,0.6000000000000001,0.07496653279785812,0.10833333333333335,-0.05881976446492577,0.055424451901903565,0.612,0.39215686274509803
321,1,3,True,0.711111111111111,0.7777777777777777,0.8222222222222223,0.05890227576974561,-0.01666666666666672,0.0234889382872869,-0.017207136325185064,0.676,0.6982248520710059
322,1,2,True,0.8111111111111111,0.8111111111111111,0.8222222222222223,0.08326639892904954,0.019047619047619042,0.08555066886567708,0.056194036768252735,0.496,0.5403225806451613
323,1,2,True,0.8444444444444443,0.7333333333333333,0.7777777777777778,0.03560910307898255,-0.09333333333333337,0.03575268817204289,-0.09767882326021875,0.724,0.7624309392265194
324,1,2,False,0.8,0.5555555555555556,0.5777777777777778,0.03721552878179382,0.11666666666666665,0.034313973063973054,0.016575549545801267,0.732,0.36065573770491804
325,1,0,True,0.4444444444444444,0.4222222222222222,0.4444444444444445,0.09156626506024095,0.06666666666666665,0.09139784946236537,0.06735419462692188,1.0,0.232
326,1,1,False,0.5999999999999999,0.5222222222222221,0.48888888888888893,0.1188755020080321,0.16666666666666663,0.08264275037369193,0.12003373654144002,0.892,0.3542600896860987
327,1,1,True,0.4888888888888889,0.5555555555555556,0.5777777777777778,-0.10441767068273095,0.06666666666666665,-0.06473703601363162,0.027883162768031274,0.476,0.48739495798319327
328,1,2,True,0.6777777777777778,0.5444444444444445,0.5777777777777778,0.17376171352074968,-0.05185185185185185,0.1118271667451995,0.014901986581610727,0.948,0.7679324894514767
329,1,3,False,0.7444444444444445,0.6222222222222222,0.688888888888889,0.042034805890227574,-1.1102230246251566e-17,0.032648987895881075,0.003427815352479945,0.748,0.36363636363636365
