# sid,grp,cnd,lrn,dpc,pc,t1,t2,t3,t4,ord,tid
0,0,0,1,3.000000,4.000000,0,1,0,0,1,2
0,0,0,3,4.000000,2.000000,0,0,0,1,2,4
0,0,0,4,1.000000,1.000000,1,0,0,0,3,1
0,0,0,2,2.000000,3.000000,0,0,1,0,4,3
1,0,0,3,4.000000,2.000000,1,0,0,0,1,1
1,0,0,4,3.000000,4.000000,0,0,1,0,2,3
1,0,0,1,1.000000,3.000000,0,0,0,1,3,4
1,0,0,2,2.000000,1.000000,0,1,0,0,4,2
2,0,0,1,4.000000,4.000000,0,0,1,0,1,3
2,0,0,4,3.000000,3.000000,1,0,0,0,2,1
2,0,0,2,1.000000,1.000000,0,1,0,0,3,2
2,0,0,3,2.000000,2.000000,0,0,0,1,4,4
3,0,1,2,2.000000,3.000000,0,0,1,0,1,3
3,0,1,1,3.000000,4.000000,1,0,0,0,2,1
3,0,1,4,1.000000,2.000000,0,1,0,0,3,2
3,0,1,3,4.000000,1.000000,0,0,0,1,4,4
4,0,0,1,4.000000,4.000000,0,0,0,1,1,4
4,0,0,4,2.000000,2.000000,1,0,0,0,2,1
4,0,0,2,3.000000,3.000000,0,0,1,0,3,3
4,0,0,3,1.000000,1.000000,0,1,0,0,4,2
5,0,0,4,3.000000,4.000000,0,0,1,0,1,3
5,0,0,1,4.000000,1.000000,1,0,0,0,2,1
5,0,0,3,1.000000,2.000000,0,1,0,0,3,2
5,0,0,2,2.000000,3.000000,0,0,0,1,4,4
6,0,0,2,4.000000,3.000000,1,0,0,0,1,1
6,0,0,1,2.000000,4.000000,0,0,0,1,2,4
6,0,0,3,3.000000,1.000000,0,1,0,0,3,2
6,0,0,4,1.000000,2.000000,0,0,1,0,4,3
7,0,1,1,3.000000,4.000000,0,1,0,0,1,2
7,0,1,2,4.000000,3.000000,0,0,1,0,2,3
7,0,1,4,1.000000,2.000000,1,0,0,0,3,1
7,0,1,3,2.000000,1.000000,0,0,0,1,4,4
8,0,1,4,3.000000,3.000000,0,0,0,1,1,4
8,0,1,1,4.000000,4.000000,1,0,0,0,2,1
8,0,1,2,1.000000,1.000000,0,0,1,0,3,3
8,0,1,3,2.000000,2.000000,0,1,0,0,4,2
9,0,1,4,3.000000,4.000000,1,0,0,0,1,1
9,0,1,3,4.000000,3.000000,0,0,1,0,2,3
9,0,1,1,1.000000,2.000000,0,1,0,0,3,2
9,0,1,2,2.000000,1.000000,0,0,0,1,4,4
10,0,0,3,2.000000,4.000000,0,1,0,0,1,2
10,0,0,4,4.000000,3.000000,0,0,0,1,2,4
10,0,0,1,1.000000,1.000000,1,0,0,0,3,1
10,0,0,2,3.000000,2.000000,0,0,1,0,4,3
11,0,0,2,4.000000,3.000000,1,0,0,0,1,1
11,0,0,1,3.000000,4.000000,0,1,0,0,2,2
11,0,0,3,1.000000,2.000000,0,0,1,0,3,3
11,0,0,4,2.000000,1.000000,0,0,0,1,4,4
12,0,1,2,4.000000,4.000000,0,0,0,1,1,4
12,0,1,4,3.000000,1.000000,0,1,0,0,2,2
12,0,1,1,1.000000,3.000000,1,0,0,0,3,1
12,0,1,3,2.000000,2.000000,0,0,1,0,4,3
13,0,1,4,4.000000,3.000000,0,0,1,0,1,3
13,0,1,1,3.000000,4.000000,1,0,0,0,2,1
13,0,1,3,1.000000,1.000000,0,1,0,0,3,2
13,0,1,2,2.000000,2.000000,0,0,0,1,4,4
14,0,0,3,3.000000,2.000000,0,0,1,0,1,3
14,0,0,4,4.000000,4.000000,0,0,0,1,2,4
14,0,0,1,1.000000,1.000000,0,1,0,0,3,2
14,0,0,2,2.000000,3.000000,1,0,0,0,4,1
15,0,1,3,4.000000,3.000000,1,0,0,0,1,1
15,0,1,4,3.000000,4.000000,0,0,1,0,2,3
15,0,1,1,2.000000,2.000000,0,0,0,1,3,4
15,0,1,2,1.000000,1.000000,0,1,0,0,4,2
16,0,1,4,2.000000,3.000000,0,0,1,0,1,3
16,0,1,1,4.000000,4.000000,0,0,0,1,2,4
16,0,1,2,1.000000,2.000000,0,1,0,0,3,2
16,0,1,3,3.000000,1.000000,1,0,0,0,4,1
17,0,1,3,1.000000,3.000000,0,0,1,0,1,3
17,0,1,1,2.000000,4.000000,1,0,0,0,2,1
17,0,1,2,3.000000,1.000000,0,1,0,0,3,2
17,0,1,4,4.000000,2.000000,0,0,0,1,4,4
18,0,1,3,2.000000,2.000000,0,0,1,0,1,3
18,0,1,4,3.000000,4.000000,1,0,0,0,2,1
18,0,1,1,1.000000,3.000000,0,1,0,0,3,2
18,0,1,2,4.000000,1.000000,0,0,0,1,4,4
19,0,0,1,4.000000,4.000000,0,1,0,0,1,2
19,0,0,2,2.000000,3.000000,0,0,0,1,2,4
19,0,0,3,1.000000,2.000000,1,0,0,0,3,1
19,0,0,4,3.000000,1.000000,0,0,1,0,4,3
20,0,0,3,2.000000,2.000000,0,0,0,1,1,4
20,0,0,1,4.000000,4.000000,1,0,0,0,2,1
20,0,0,4,1.000000,1.000000,0,0,1,0,3,3
20,0,0,2,3.000000,3.000000,0,1,0,0,4,2
21,0,1,1,3.000000,3.000000,0,1,0,0,1,2
21,0,1,3,2.000000,4.000000,0,0,0,1,2,4
21,0,1,4,1.000000,1.000000,1,0,0,0,3,1
21,0,1,2,4.000000,2.000000,0,0,1,0,4,3
22,0,0,2,2.000000,4.000000,0,0,0,1,1,4
22,0,0,3,3.000000,3.000000,0,0,1,0,2,3
22,0,0,4,1.000000,1.000000,1,0,0,0,3,1
22,0,0,1,4.000000,2.000000,0,1,0,0,4,2
23,0,1,3,2.000000,2.000000,0,0,1,0,1,3
23,0,1,4,3.000000,3.000000,0,1,0,0,2,2
23,0,1,1,4.000000,1.000000,0,0,0,1,3,4
23,0,1,2,1.000000,4.000000,1,0,0,0,4,1
24,0,0,4,4.000000,3.000000,1,0,0,0,1,1
24,0,0,2,2.000000,4.000000,0,0,0,1,2,4
24,0,0,3,3.000000,2.000000,0,1,0,0,3,2
24,0,0,1,1.000000,1.000000,0,0,1,0,4,3
25,0,1,3,3.000000,3.000000,0,1,0,0,1,2
25,0,1,4,4.000000,4.000000,0,0,1,0,2,3
25,0,1,1,1.000000,2.000000,0,0,0,1,3,4
25,0,1,2,2.000000,1.000000,1,0,0,0,4,1
26,0,1,2,1.000000,4.000000,0,0,1,0,1,3
26,0,1,3,2.000000,2.000000,1,0,0,0,2,1
26,0,1,1,3.000000,3.000000,0,1,0,0,3,2
26,0,1,4,4.000000,1.000000,0,0,0,1,4,4
27,0,0,3,3.000000,3.000000,0,0,0,1,1,4
27,0,0,4,4.000000,4.000000,0,1,0,0,2,2
27,0,0,2,1.000000,2.000000,0,0,1,0,3,3
27,0,0,1,2.000000,1.000000,1,0,0,0,4,1
28,0,0,3,3.000000,4.000000,0,0,0,1,1,4
28,0,0,4,4.000000,3.000000,0,1,0,0,2,2
28,0,0,1,1.000000,1.000000,0,0,1,0,3,3
28,0,0,2,2.000000,2.000000,1,0,0,0,4,1
29,0,1,1,4.000000,3.000000,0,1,0,0,1,2
29,0,1,2,3.000000,4.000000,1,0,0,0,2,1
29,0,1,3,1.000000,2.000000,0,0,1,0,3,3
29,0,1,4,2.000000,1.000000,0,0,0,1,4,4
30,0,0,2,3.000000,3.000000,0,1,0,0,1,2
30,0,0,1,4.000000,4.000000,0,0,0,1,2,4
30,0,0,3,1.000000,2.000000,1,0,0,0,3,1
30,0,0,4,2.000000,1.000000,0,0,1,0,4,3
31,0,0,1,4.000000,4.000000,0,0,1,0,1,3
31,0,0,2,3.000000,1.000000,1,0,0,0,2,1
31,0,0,3,2.000000,2.000000,0,0,0,1,3,4
31,0,0,4,1.000000,3.000000,0,1,0,0,4,2
32,0,1,1,3.000000,4.000000,1,0,0,0,1,1
32,0,1,4,4.000000,2.000000,0,0,1,0,2,3
32,0,1,2,1.000000,3.000000,0,1,0,0,3,2
32,0,1,3,2.000000,1.000000,0,0,0,1,4,4
33,0,0,2,3.000000,3.000000,0,0,0,1,1,4
33,0,0,1,4.000000,4.000000,0,0,1,0,2,3
33,0,0,3,1.000000,1.000000,0,1,0,0,3,2
33,0,0,4,2.000000,2.000000,1,0,0,0,4,1
34,0,0,2,3.000000,3.000000,1,0,0,0,1,1
34,0,0,3,2.000000,4.000000,0,0,0,1,2,4
34,0,0,4,1.000000,1.000000,0,1,0,0,3,2
34,0,0,1,4.000000,2.000000,0,0,1,0,4,3
35,0,1,3,3.000000,2.000000,0,0,1,0,1,3
35,0,1,2,4.000000,4.000000,0,0,0,1,2,4
35,0,1,1,1.000000,3.000000,1,0,0,0,3,1
35,0,1,4,2.000000,1.000000,0,1,0,0,4,2
36,0,0,3,3.000000,4.000000,0,0,1,0,1,3
36,0,0,4,4.000000,2.000000,0,1,0,0,2,2
36,0,0,1,1.000000,3.000000,1,0,0,0,3,1
36,0,0,2,2.000000,1.000000,0,0,0,1,4,4
37,0,1,4,4.000000,3.000000,0,1,0,0,1,2
37,0,1,3,2.000000,4.000000,0,0,1,0,2,3
37,0,1,1,3.000000,1.000000,1,0,0,0,3,1
37,0,1,2,1.000000,2.000000,0,0,0,1,4,4
38,0,1,3,4.000000,4.000000,0,1,0,0,1,2
38,0,1,4,3.000000,3.000000,1,0,0,0,2,1
38,0,1,1,1.000000,2.000000,0,0,1,0,3,3
38,0,1,2,2.000000,1.000000,0,0,0,1,4,4
39,0,1,4,3.000000,1.000000,0,0,1,0,1,3
39,0,1,2,4.000000,4.000000,0,1,0,0,2,2
39,0,1,3,1.000000,2.000000,0,0,0,1,3,4
39,0,1,1,2.000000,3.000000,1,0,0,0,4,1
40,0,0,3,2.000000,4.000000,0,1,0,0,1,2
40,0,0,4,4.000000,1.000000,0,0,1,0,2,3
40,0,0,1,3.000000,2.000000,0,0,0,1,3,4
40,0,0,2,1.000000,3.000000,1,0,0,0,4,1
41,0,1,2,2.000000,3.000000,0,0,1,0,1,3
41,0,1,1,3.000000,4.000000,0,1,0,0,2,2
41,0,1,3,1.000000,1.000000,0,0,0,1,3,4
41,0,1,4,4.000000,2.000000,1,0,0,0,4,1
42,0,1,3,4.000000,3.000000,0,0,0,1,1,4
42,0,1,4,1.000000,4.000000,0,1,0,0,2,2
42,0,1,1,3.000000,2.000000,0,0,1,0,3,3
42,0,1,2,2.000000,1.000000,1,0,0,0,4,1
43,0,0,1,2.000000,4.000000,0,0,1,0,1,3
43,0,0,3,3.000000,2.000000,0,1,0,0,2,2
43,0,0,4,4.000000,1.000000,0,0,0,1,3,4
43,0,0,2,1.000000,3.000000,1,0,0,0,4,1
44,0,1,1,3.000000,3.000000,0,0,0,1,1,4
44,0,1,4,4.000000,4.000000,0,0,1,0,2,3
44,0,1,2,1.000000,1.000000,0,1,0,0,3,2
44,0,1,3,2.000000,2.000000,1,0,0,0,4,1
45,0,1,3,2.000000,3.000000,0,1,0,0,1,2
45,0,1,4,4.000000,4.000000,1,0,0,0,2,1
45,0,1,1,3.000000,1.000000,0,0,0,1,3,4
45,0,1,2,1.000000,2.000000,0,0,1,0,4,3
46,0,1,4,3.000000,4.000000,0,0,0,1,1,4
46,0,1,1,2.000000,3.000000,1,0,0,0,2,1
46,0,1,2,1.000000,1.000000,0,1,0,0,3,2
46,0,1,3,4.000000,2.000000,0,0,1,0,4,3
47,0,0,1,4.000000,4.000000,0,0,0,1,1,4
47,0,0,3,2.000000,2.000000,1,0,0,0,2,1
47,0,0,2,3.000000,3.000000,0,0,1,0,3,3
47,0,0,4,1.000000,1.000000,0,1,0,0,4,2
48,0,0,2,3.000000,3.000000,0,0,0,1,1,4
48,0,0,3,2.000000,4.000000,0,0,1,0,2,3
48,0,0,1,4.000000,2.000000,1,0,0,0,3,1
48,0,0,4,1.000000,1.000000,0,1,0,0,4,2
49,0,0,4,2.000000,4.000000,0,1,0,0,1,2
49,0,0,3,3.000000,3.000000,1,0,0,0,2,1
49,0,0,1,4.000000,1.000000,0,0,1,0,3,3
49,0,0,2,1.000000,2.000000,0,0,0,1,4,4
50,0,1,2,1.000000,4.000000,0,1,0,0,1,2
50,0,1,3,2.000000,3.000000,1,0,0,0,2,1
50,0,1,1,3.000000,2.000000,0,0,1,0,3,3
50,0,1,4,4.000000,1.000000,0,0,0,1,4,4
51,0,1,1,4.000000,4.000000,0,1,0,0,1,2
51,0,1,4,2.000000,2.000000,1,0,0,0,2,1
51,0,1,2,3.000000,3.000000,0,0,1,0,3,3
51,0,1,3,1.000000,1.000000,0,0,0,1,4,4
52,0,0,4,2.000000,4.000000,1,0,0,0,1,1
52,0,0,3,3.000000,3.000000,0,1,0,0,2,2
52,0,0,1,4.000000,2.000000,0,0,1,0,3,3
52,0,0,2,1.000000,1.000000,0,0,0,1,4,4
53,0,1,4,4.000000,4.000000,0,0,1,0,1,3
53,0,1,2,3.000000,1.000000,0,0,0,1,2,4
53,0,1,3,1.000000,2.000000,0,1,0,0,3,2
53,0,1,1,2.000000,3.000000,1,0,0,0,4,1
54,0,0,1,3.000000,4.000000,0,0,0,1,1,4
54,0,0,4,4.000000,2.000000,0,0,1,0,2,3
54,0,0,2,1.000000,3.000000,1,0,0,0,3,1
54,0,0,3,2.000000,1.000000,0,1,0,0,4,2
55,0,1,1,3.000000,4.000000,0,1,0,0,1,2
55,0,1,2,4.000000,3.000000,1,0,0,0,2,1
55,0,1,3,1.000000,2.000000,0,0,1,0,3,3
55,0,1,4,2.000000,1.000000,0,0,0,1,4,4
56,0,1,1,3.000000,4.000000,0,1,0,0,1,2
56,0,1,2,4.000000,3.000000,1,0,0,0,2,1
56,0,1,3,1.000000,2.000000,0,0,1,0,3,3
56,0,1,4,2.000000,1.000000,0,0,0,1,4,4
57,0,1,1,4.000000,4.000000,0,1,0,0,1,2
57,0,1,4,3.000000,3.000000,1,0,0,0,2,1
57,0,1,2,1.000000,1.000000,0,0,0,1,3,4
57,0,1,3,2.000000,2.000000,0,0,1,0,4,3
58,0,0,3,2.000000,2.000000,0,0,1,0,1,3
58,0,0,4,3.000000,3.000000,0,1,0,0,2,2
58,0,0,1,1.000000,4.000000,0,0,0,1,3,4
58,0,0,2,4.000000,1.000000,1,0,0,0,4,1
59,0,0,1,3.000000,4.000000,0,0,1,0,1,3
59,0,0,4,4.000000,1.000000,1,0,0,0,2,1
59,0,0,2,1.000000,3.000000,0,0,0,1,3,4
59,0,0,3,2.000000,2.000000,0,1,0,0,4,2
60,0,0,3,3.000000,4.000000,0,0,0,1,1,4
60,0,0,4,1.000000,3.000000,0,0,1,0,2,3
60,0,0,2,4.000000,2.000000,0,1,0,0,3,2
60,0,0,1,2.000000,1.000000,1,0,0,0,4,1
61,0,0,4,2.000000,1.000000,0,1,0,0,1,2
61,0,0,3,4.000000,2.000000,1,0,0,0,2,1
61,0,0,1,1.000000,4.000000,0,0,1,0,3,3
61,0,0,2,3.000000,3.000000,0,0,0,1,4,4
62,0,0,2,2.000000,2.000000,0,0,0,1,1,4
62,0,0,4,4.000000,3.000000,0,0,1,0,2,3
62,0,0,1,3.000000,1.000000,1,0,0,0,3,1
62,0,0,3,1.000000,4.000000,0,1,0,0,4,2
63,0,1,2,3.000000,3.000000,0,1,0,0,1,2
63,0,1,3,4.000000,2.000000,0,0,1,0,2,3
63,0,1,1,1.000000,4.000000,1,0,0,0,3,1
63,0,1,4,2.000000,1.000000,0,0,0,1,4,4
64,0,1,2,4.000000,4.000000,0,0,1,0,1,3
64,0,1,4,3.000000,1.000000,0,0,0,1,2,4
64,0,1,1,1.000000,3.000000,1,0,0,0,3,1
64,0,1,3,2.000000,2.000000,0,1,0,0,4,2
65,0,1,1,3.000000,4.000000,0,0,1,0,1,3
65,0,1,4,4.000000,1.000000,1,0,0,0,2,1
65,0,1,3,1.000000,2.000000,0,0,0,1,3,4
65,0,1,2,2.000000,3.000000,0,1,0,0,4,2
66,0,0,1,3.000000,4.000000,0,0,1,0,1,3
66,0,0,2,4.000000,3.000000,0,0,0,1,2,4
66,0,0,3,1.000000,2.000000,1,0,0,0,3,1
66,0,0,4,2.000000,1.000000,0,1,0,0,4,2
67,0,0,3,2.000000,3.000000,1,0,0,0,1,1
67,0,0,1,3.000000,4.000000,0,1,0,0,2,2
67,0,0,4,4.000000,1.000000,0,0,1,0,3,3
67,0,0,2,1.000000,2.000000,0,0,0,1,4,4
68,0,1,1,3.000000,4.000000,0,0,1,0,1,3
68,0,1,3,4.000000,2.000000,1,0,0,0,2,1
68,0,1,4,1.000000,1.000000,0,0,0,1,3,4
68,0,1,2,2.000000,3.000000,0,1,0,0,4,2
69,0,0,3,3.000000,4.000000,0,0,1,0,1,3
69,0,0,4,4.000000,1.000000,0,1,0,0,2,2
69,0,0,1,1.000000,2.000000,1,0,0,0,3,1
69,0,0,2,2.000000,3.000000,0,0,0,1,4,4
70,0,0,1,2.000000,4.000000,0,0,0,1,1,4
70,0,0,2,4.000000,3.000000,0,0,1,0,2,3
70,0,0,3,1.000000,1.000000,0,1,0,0,3,2
70,0,0,4,3.000000,2.000000,1,0,0,0,4,1
71,0,1,3,1.000000,4.000000,1,0,0,0,1,1
71,0,1,4,4.000000,3.000000,0,0,0,1,2,4
71,0,1,1,2.000000,1.000000,0,0,1,0,3,3
71,0,1,2,3.000000,2.000000,0,1,0,0,4,2
72,0,0,1,3.000000,3.000000,1,0,0,0,1,1
72,0,0,2,4.000000,4.000000,0,0,0,1,2,4
72,0,0,3,1.000000,2.000000,0,0,1,0,3,3
72,0,0,4,2.000000,1.000000,0,1,0,0,4,2
73,0,1,1,3.000000,4.000000,0,1,0,0,1,2
73,0,1,4,4.000000,3.000000,0,0,0,1,2,4
73,0,1,2,1.000000,1.000000,0,0,1,0,3,3
73,0,1,3,2.000000,2.000000,1,0,0,0,4,1
74,0,1,3,4.000000,2.000000,0,1,0,0,1,2
74,0,1,4,2.000000,3.000000,0,0,0,1,2,4
74,0,1,2,1.000000,4.000000,0,0,1,0,3,3
74,0,1,1,3.000000,1.000000,1,0,0,0,4,1
75,0,1,1,4.000000,4.000000,0,0,1,0,1,3
75,0,1,4,3.000000,3.000000,0,0,0,1,2,4
75,0,1,2,1.000000,1.000000,1,0,0,0,3,1
75,0,1,3,2.000000,2.000000,0,1,0,0,4,2
76,0,0,1,3.000000,1.000000,0,0,0,1,1,4
76,0,0,4,4.000000,4.000000,0,1,0,0,2,2
76,0,0,2,1.000000,2.000000,1,0,0,0,3,1
76,0,0,3,2.000000,3.000000,0,0,1,0,4,3
77,0,1,1,2.000000,4.000000,0,0,0,1,1,4
77,0,1,4,4.000000,2.000000,0,1,0,0,2,2
77,0,1,2,3.000000,3.000000,0,0,1,0,3,3
77,0,1,3,1.000000,1.000000,1,0,0,0,4,1
78,0,0,4,4.000000,4.000000,1,0,0,0,1,1
78,0,0,3,3.000000,3.000000,0,1,0,0,2,2
78,0,0,1,1.000000,2.000000,0,0,1,0,3,3
78,0,0,2,2.000000,1.000000,0,0,0,1,4,4
79,0,1,1,4.000000,4.000000,0,1,0,0,1,2
79,0,1,2,2.000000,2.000000,0,0,0,1,2,4
79,0,1,3,1.000000,3.000000,1,0,0,0,3,1
79,0,1,4,3.000000,1.000000,0,0,1,0,4,3
80,0,1,4,2.000000,2.000000,0,0,0,1,1,4
80,0,1,3,4.000000,4.000000,0,1,0,0,2,2
80,0,1,1,1.000000,3.000000,0,0,1,0,3,3
80,0,1,2,3.000000,1.000000,1,0,0,0,4,1
81,0,0,4,2.000000,3.000000,0,0,1,0,1,3
81,0,0,1,4.000000,4.000000,1,0,0,0,2,1
81,0,0,2,3.000000,1.000000,0,1,0,0,3,2
81,0,0,3,1.000000,2.000000,0,0,0,1,4,4
82,0,0,3,1.000000,3.000000,0,0,0,1,1,4
82,0,0,2,3.000000,4.000000,1,0,0,0,2,1
82,0,0,4,4.000000,1.000000,0,1,0,0,3,2
82,0,0,1,2.000000,2.000000,0,0,1,0,4,3
83,0,1,1,2.000000,4.000000,1,0,0,0,1,1
83,0,1,4,3.000000,2.000000,0,0,1,0,2,3
83,0,1,3,1.000000,1.000000,0,1,0,0,3,2
83,0,1,2,4.000000,3.000000,0,0,0,1,4,4
84,0,0,1,4.000000,2.000000,1,0,0,0,1,1
84,0,0,2,3.000000,3.000000,0,0,1,0,2,3
84,0,0,3,1.000000,4.000000,0,1,0,0,3,2
84,0,0,4,2.000000,1.000000,0,0,0,1,4,4
85,0,1,3,3.000000,4.000000,0,0,1,0,1,3
85,0,1,4,4.000000,3.000000,1,0,0,0,2,1
85,0,1,2,1.000000,2.000000,0,1,0,0,3,2
85,0,1,1,2.000000,1.000000,0,0,0,1,4,4
86,0,1,1,4.000000,4.000000,1,0,0,0,1,1
86,0,1,4,2.000000,2.000000,0,0,0,1,2,4
86,0,1,2,3.000000,1.000000,0,1,0,0,3,2
86,0,1,3,1.000000,3.000000,0,0,1,0,4,3
87,0,1,1,4.000000,4.000000,0,1,0,0,1,2
87,0,1,4,3.000000,3.000000,1,0,0,0,2,1
87,0,1,2,1.000000,1.000000,0,0,0,1,3,4
87,0,1,3,2.000000,2.000000,0,0,1,0,4,3
88,0,0,1,3.000000,4.000000,0,1,0,0,1,2
88,0,0,2,4.000000,1.000000,0,0,1,0,2,3
88,0,0,3,1.000000,2.000000,0,0,0,1,3,4
88,0,0,4,2.000000,3.000000,1,0,0,0,4,1
89,0,0,4,2.000000,3.000000,1,0,0,0,1,1
89,0,0,2,3.000000,4.000000,0,1,0,0,2,2
89,0,0,1,1.000000,2.000000,0,0,0,1,3,4
89,0,0,3,4.000000,1.000000,0,0,1,0,4,3
90,0,0,2,4.000000,3.000000,0,0,1,0,1,3
90,0,0,3,3.000000,2.000000,0,0,0,1,2,4
90,0,0,4,1.000000,4.000000,0,1,0,0,3,2
90,0,0,1,2.000000,1.000000,1,0,0,0,4,1
91,0,1,4,1.000000,4.000000,0,1,0,0,1,2
91,0,1,2,2.000000,2.000000,0,0,0,1,2,4
91,0,1,3,3.000000,3.000000,0,0,1,0,3,3
91,0,1,1,4.000000,1.000000,1,0,0,0,4,1
92,0,0,1,3.000000,4.000000,0,0,1,0,1,3
92,0,0,2,4.000000,3.000000,0,1,0,0,2,2
92,0,0,4,1.000000,2.000000,1,0,0,0,3,1
92,0,0,3,2.000000,1.000000,0,0,0,1,4,4
93,0,0,1,4.000000,4.000000,0,1,0,0,1,2
93,0,0,3,3.000000,2.000000,0,0,1,0,2,3
93,0,0,4,1.000000,1.000000,0,0,0,1,3,4
93,0,0,2,2.000000,3.000000,1,0,0,0,4,1
94,0,1,4,3.000000,3.000000,0,0,0,1,1,4
94,0,1,1,4.000000,4.000000,0,0,1,0,2,3
94,0,1,2,2.000000,2.000000,0,1,0,0,3,2
94,0,1,3,1.000000,1.000000,1,0,0,0,4,1
95,0,1,3,3.000000,2.000000,0,1,0,0,1,2
95,0,1,4,4.000000,3.000000,0,0,1,0,2,3
95,0,1,1,1.000000,4.000000,0,0,0,1,3,4
95,0,1,2,2.000000,1.000000,1,0,0,0,4,1
96,0,0,4,4.000000,4.000000,0,0,0,1,1,4
96,0,0,2,3.000000,1.000000,0,0,1,0,2,3
96,0,0,3,1.000000,3.000000,1,0,0,0,3,1
96,0,0,1,2.000000,2.000000,0,1,0,0,4,2
97,0,1,1,3.000000,3.000000,0,0,0,1,1,4
97,0,1,2,4.000000,4.000000,0,1,0,0,2,2
97,0,1,4,1.000000,1.000000,0,0,1,0,3,3
97,0,1,3,2.000000,2.000000,1,0,0,0,4,1
98,0,0,3,3.000000,4.000000,0,1,0,0,1,2
98,0,0,4,2.000000,2.000000,1,0,0,0,2,1
98,0,0,1,1.000000,3.000000,0,0,0,1,3,4
98,0,0,2,4.000000,1.000000,0,0,1,0,4,3
99,0,1,1,2.000000,4.000000,0,1,0,0,1,2
99,0,1,3,3.000000,3.000000,0,0,1,0,2,3
99,0,1,2,4.000000,2.000000,0,0,0,1,3,4
99,0,1,4,1.000000,1.000000,1,0,0,0,4,1
100,0,1,1,4.000000,4.000000,0,1,0,0,1,2
100,0,1,2,2.000000,3.000000,1,0,0,0,2,1
100,0,1,3,3.000000,1.000000,0,0,1,0,3,3
100,0,1,4,1.000000,2.000000,0,0,0,1,4,4
101,0,0,1,3.000000,2.000000,1,0,0,0,1,1
101,0,0,2,4.000000,3.000000,0,1,0,0,2,2
101,0,0,4,1.000000,1.000000,0,0,0,1,3,4
101,0,0,3,2.000000,4.000000,0,0,1,0,4,3
102,0,0,2,3.000000,4.000000,0,1,0,0,1,2
102,0,0,1,4.000000,3.000000,1,0,0,0,2,1
102,0,0,3,1.000000,1.000000,0,0,0,1,3,4
102,0,0,4,2.000000,2.000000,0,0,1,0,4,3
103,0,0,1,3.000000,4.000000,0,0,1,0,1,3
103,0,0,2,4.000000,3.000000,0,0,0,1,2,4
103,0,0,3,1.000000,2.000000,1,0,0,0,3,1
103,0,0,4,2.000000,1.000000,0,1,0,0,4,2
104,0,1,2,4.000000,4.000000,0,1,0,0,1,2
104,0,1,4,1.000000,1.000000,1,0,0,0,2,1
104,0,1,3,2.000000,2.000000,0,0,1,0,3,3
104,0,1,1,3.000000,3.000000,0,0,0,1,4,4
105,0,0,4,3.000000,3.000000,0,0,1,0,1,3
105,0,0,3,2.000000,4.000000,1,0,0,0,2,1
105,0,0,1,4.000000,1.000000,0,0,0,1,3,4
105,0,0,2,1.000000,2.000000,0,1,0,0,4,2
106,0,1,3,4.000000,4.000000,0,1,0,0,1,2
106,0,1,2,3.000000,3.000000,0,0,0,1,2,4
106,0,1,4,1.000000,1.000000,1,0,0,0,3,1
106,0,1,1,2.000000,2.000000,0,0,1,0,4,3
107,0,1,4,4.000000,1.000000,0,0,0,1,1,4
107,0,1,2,3.000000,4.000000,0,0,1,0,2,3
107,0,1,1,1.000000,3.000000,0,1,0,0,3,2
107,0,1,3,2.000000,2.000000,1,0,0,0,4,1
108,0,0,4,3.000000,1.000000,0,1,0,0,1,2
108,0,0,1,4.000000,4.000000,1,0,0,0,2,1
108,0,0,3,1.000000,2.000000,0,0,0,1,3,4
108,0,0,2,2.000000,3.000000,0,0,1,0,4,3
109,0,0,1,4.000000,4.000000,0,0,0,1,1,4
109,0,0,2,2.000000,3.000000,1,0,0,0,2,1
109,0,0,3,1.000000,2.000000,0,0,1,0,3,3
109,0,0,4,3.000000,1.000000,0,1,0,0,4,2
110,0,0,2,1.000000,3.000000,0,1,0,0,1,2
110,0,0,1,2.000000,4.000000,1,0,0,0,2,1
110,0,0,3,3.000000,2.000000,0,0,1,0,3,3
110,0,0,4,4.000000,1.000000,0,0,0,1,4,4
111,0,1,1,4.000000,4.000000,0,1,0,0,1,2
111,0,1,2,1.000000,3.000000,1,0,0,0,2,1
111,0,1,3,2.000000,2.000000,0,0,1,0,3,3
111,0,1,4,3.000000,1.000000,0,0,0,1,4,4
112,0,1,1,4.000000,4.000000,0,0,1,0,1,3
112,0,1,2,3.000000,2.000000,1,0,0,0,2,1
112,0,1,3,1.000000,3.000000,0,0,0,1,3,4
112,0,1,4,2.000000,1.000000,0,1,0,0,4,2
113,0,0,1,3.000000,4.000000,0,1,0,0,1,2
113,0,0,3,4.000000,1.000000,0,0,1,0,2,3
113,0,0,4,1.000000,2.000000,0,0,0,1,3,4
113,0,0,2,2.000000,3.000000,1,0,0,0,4,1
114,0,0,1,4.000000,4.000000,1,0,0,0,1,1
114,0,0,4,1.000000,2.000000,0,0,0,1,2,4
114,0,0,2,3.000000,3.000000,0,0,1,0,3,3
114,0,0,3,2.000000,1.000000,0,1,0,0,4,2
115,0,1,4,3.000000,4.000000,0,1,0,0,1,2
115,0,1,2,4.000000,3.000000,0,0,0,1,2,4
115,0,1,3,1.000000,2.000000,0,0,1,0,3,3
115,0,1,1,2.000000,1.000000,1,0,0,0,4,1
116,0,1,1,4.000000,3.000000,0,0,0,1,1,4
116,0,1,2,1.000000,4.000000,0,1,0,0,2,2
116,0,1,3,2.000000,2.000000,1,0,0,0,3,1
116,0,1,4,3.000000,1.000000,0,0,1,0,4,3
117,0,1,3,2.000000,3.000000,0,1,0,0,1,2
117,0,1,1,3.000000,4.000000,0,0,0,1,2,4
117,0,1,2,4.000000,2.000000,0,0,1,0,3,3
117,0,1,4,1.000000,1.000000,1,0,0,0,4,1
118,0,0,3,3.000000,3.000000,0,0,0,1,1,4
118,0,0,1,4.000000,4.000000,0,0,1,0,2,3
118,0,0,2,1.000000,2.000000,0,1,0,0,3,2
118,0,0,4,2.000000,1.000000,1,0,0,0,4,1
119,0,0,3,3.000000,3.000000,1,0,0,0,1,1
119,0,0,4,4.000000,4.000000,0,0,1,0,2,3
119,0,0,1,1.000000,1.000000,0,1,0,0,3,2
119,0,0,2,2.000000,2.000000,0,0,0,1,4,4
120,0,0,1,4.000000,4.000000,0,0,1,0,1,3
120,0,0,3,3.000000,2.000000,0,0,0,1,2,4
120,0,0,2,1.000000,3.000000,1,0,0,0,3,1
120,0,0,4,2.000000,1.000000,0,1,0,0,4,2
121,0,0,4,3.000000,2.000000,0,0,1,0,1,3
121,0,0,2,4.000000,3.000000,0,1,0,0,2,2
121,0,0,1,1.000000,4.000000,0,0,0,1,3,4
121,0,0,3,2.000000,1.000000,1,0,0,0,4,1
122,0,0,2,4.000000,2.000000,0,1,0,0,1,2
122,0,0,3,3.000000,3.000000,0,0,0,1,2,4
122,0,0,1,1.000000,4.000000,0,0,1,0,3,3
122,0,0,4,2.000000,1.000000,1,0,0,0,4,1
123,0,0,1,4.000000,3.000000,0,1,0,0,1,2
123,0,0,2,2.000000,4.000000,0,0,1,0,2,3
123,0,0,3,3.000000,2.000000,0,0,0,1,3,4
123,0,0,4,1.000000,1.000000,1,0,0,0,4,1
124,0,0,3,4.000000,3.000000,1,0,0,0,1,1
124,0,0,1,3.000000,4.000000,0,0,0,1,2,4
124,0,0,2,1.000000,2.000000,0,0,1,0,3,3
124,0,0,4,2.000000,1.000000,0,1,0,0,4,2
125,0,1,2,4.000000,4.000000,0,0,1,0,1,3
125,0,1,3,3.000000,1.000000,0,0,0,1,2,4
125,0,1,1,1.000000,2.000000,0,1,0,0,3,2
125,0,1,4,2.000000,3.000000,1,0,0,0,4,1
126,0,1,1,4.000000,4.000000,0,0,0,1,1,4
126,0,1,4,3.000000,2.000000,1,0,0,0,2,1
126,0,1,2,1.000000,3.000000,0,1,0,0,3,2
126,0,1,3,2.000000,1.000000,0,0,1,0,4,3
127,0,0,3,3.000000,4.000000,0,0,1,0,1,3
127,0,0,4,4.000000,3.000000,0,1,0,0,2,2
127,0,0,1,2.000000,2.000000,0,0,0,1,3,4
127,0,0,2,1.000000,1.000000,1,0,0,0,4,1
128,0,1,3,3.000000,2.000000,0,0,0,1,1,4
128,0,1,4,2.000000,3.000000,1,0,0,0,2,1
128,0,1,2,1.000000,1.000000,0,0,1,0,3,3
128,0,1,1,4.000000,4.000000,0,1,0,0,4,2
129,0,1,1,2.000000,4.000000,0,1,0,0,1,2
129,0,1,4,3.000000,1.000000,0,0,0,1,2,4
129,0,1,3,4.000000,2.000000,1,0,0,0,3,1
129,0,1,2,1.000000,3.000000,0,0,1,0,4,3
130,0,1,1,2.000000,4.000000,0,0,0,1,1,4
130,0,1,2,4.000000,3.000000,1,0,0,0,2,1
130,0,1,3,1.000000,1.000000,0,1,0,0,3,2
130,0,1,4,3.000000,2.000000,0,0,1,0,4,3
131,0,1,1,4.000000,3.000000,0,1,0,0,1,2
131,0,1,2,3.000000,4.000000,1,0,0,0,2,1
131,0,1,4,1.000000,1.000000,0,0,0,1,3,4
131,0,1,3,2.000000,2.000000,0,0,1,0,4,3
132,0,0,1,4.000000,4.000000,0,0,1,0,1,3
132,0,0,3,2.000000,2.000000,1,0,0,0,2,1
132,0,0,4,1.000000,1.000000,0,0,0,1,3,4
132,0,0,2,3.000000,3.000000,0,1,0,0,4,2
133,0,0,1,3.000000,4.000000,0,0,0,1,1,4
133,0,0,2,4.000000,3.000000,0,0,1,0,2,3
133,0,0,4,1.000000,1.000000,1,0,0,0,3,1
133,0,0,3,2.000000,2.000000,0,1,0,0,4,2
134,0,1,4,3.000000,2.000000,0,0,1,0,1,3
134,0,1,1,4.000000,3.000000,0,1,0,0,2,2
134,0,1,2,1.000000,4.000000,0,0,0,1,3,4
134,0,1,3,2.000000,1.000000,1,0,0,0,4,1
135,0,1,4,2.000000,3.000000,1,0,0,0,1,1
135,0,1,1,3.000000,1.000000,0,0,1,0,2,3
135,0,1,3,4.000000,4.000000,0,1,0,0,3,2
135,0,1,2,1.000000,2.000000,0,0,0,1,4,4
136,0,1,1,3.000000,4.000000,0,0,0,1,1,4
136,0,1,2,4.000000,2.000000,0,1,0,0,2,2
136,0,1,3,1.000000,3.000000,0,0,1,0,3,3
136,0,1,4,2.000000,1.000000,1,0,0,0,4,1
137,0,1,4,4.000000,4.000000,0,1,0,0,1,2
137,0,1,1,3.000000,3.000000,0,0,0,1,2,4
137,0,1,2,2.000000,2.000000,0,0,1,0,3,3
137,0,1,3,1.000000,1.000000,1,0,0,0,4,1
138,0,1,2,3.000000,4.000000,1,0,0,0,1,1
138,0,1,3,4.000000,2.000000,0,1,0,0,2,2
138,0,1,1,2.000000,3.000000,0,0,0,1,3,4
138,0,1,4,1.000000,1.000000,0,0,1,0,4,3
139,0,1,1,3.000000,3.000000,1,0,0,0,1,1
139,0,1,2,4.000000,4.000000,0,1,0,0,2,2
139,0,1,3,1.000000,2.000000,0,0,1,0,3,3
139,0,1,4,2.000000,1.000000,0,0,0,1,4,4
140,0,1,4,2.000000,4.000000,1,0,0,0,1,1
140,0,1,1,3.000000,3.000000,0,0,1,0,2,3
140,0,1,2,4.000000,2.000000,0,1,0,0,3,2
140,0,1,3,1.000000,1.000000,0,0,0,1,4,4
141,0,1,3,3.000000,3.000000,0,1,0,0,1,2
141,0,1,4,4.000000,4.000000,0,0,1,0,2,3
141,0,1,2,1.000000,1.000000,0,0,0,1,3,4
141,0,1,1,2.000000,2.000000,1,0,0,0,4,1
142,0,0,3,3.000000,4.000000,0,0,1,0,1,3
142,0,0,4,4.000000,2.000000,1,0,0,0,2,1
142,0,0,1,1.000000,3.000000,0,0,0,1,3,4
142,0,0,2,2.000000,1.000000,0,1,0,0,4,2
143,0,0,1,3.000000,4.000000,0,0,0,1,1,4
143,0,0,4,4.000000,2.000000,0,0,1,0,2,3
143,0,0,2,1.000000,3.000000,0,1,0,0,3,2
143,0,0,3,2.000000,1.000000,1,0,0,0,4,1
144,0,1,3,3.000000,4.000000,1,0,0,0,1,1
144,0,1,4,4.000000,1.000000,0,0,1,0,2,3
144,0,1,1,1.000000,3.000000,0,1,0,0,3,2
144,0,1,2,2.000000,2.000000,0,0,0,1,4,4
145,0,1,2,4.000000,2.000000,0,1,0,0,1,2
145,0,1,3,2.000000,4.000000,1,0,0,0,2,1
145,0,1,1,3.000000,3.000000,0,0,0,1,3,4
145,0,1,4,1.000000,1.000000,0,0,1,0,4,3
146,0,0,1,3.000000,4.000000,1,0,0,0,1,1
146,0,0,4,4.000000,2.000000,0,0,1,0,2,3
146,0,0,3,1.000000,1.000000,0,1,0,0,3,2
146,0,0,2,2.000000,3.000000,0,0,0,1,4,4
147,0,0,1,3.000000,4.000000,0,1,0,0,1,2
147,0,0,3,4.000000,2.000000,0,0,0,1,2,4
147,0,0,2,1.000000,3.000000,1,0,0,0,3,1
147,0,0,4,2.000000,1.000000,0,0,1,0,4,3
148,0,0,1,2.000000,4.000000,0,1,0,0,1,2
148,0,0,4,1.000000,1.000000,0,0,0,1,2,4
148,0,0,2,4.000000,2.000000,1,0,0,0,3,1
148,0,0,3,3.000000,3.000000,0,0,1,0,4,3
149,0,1,3,3.000000,3.000000,0,0,0,1,1,4
149,0,1,4,2.000000,4.000000,1,0,0,0,2,1
149,0,1,1,4.000000,1.000000,0,1,0,0,3,2
149,0,1,2,1.000000,2.000000,0,0,1,0,4,3
150,0,0,3,4.000000,4.000000,0,0,1,0,1,3
150,0,0,4,3.000000,1.000000,1,0,0,0,2,1
150,0,0,1,1.000000,2.000000,0,0,0,1,3,4
150,0,0,2,2.000000,3.000000,0,1,0,0,4,2
151,0,1,1,3.000000,4.000000,0,0,0,1,1,4
151,0,1,2,4.000000,3.000000,0,1,0,0,2,2
151,0,1,3,1.000000,2.000000,0,0,1,0,3,3
151,0,1,4,2.000000,1.000000,1,0,0,0,4,1
152,0,0,4,3.000000,1.000000,0,0,1,0,1,3
152,0,0,2,2.000000,2.000000,0,0,0,1,2,4
152,0,0,1,1.000000,3.000000,0,1,0,0,3,2
152,0,0,3,4.000000,4.000000,1,0,0,0,4,1
153,0,1,1,2.000000,4.000000,0,1,0,0,1,2
153,0,1,4,4.000000,3.000000,0,0,0,1,2,4
153,0,1,2,1.000000,2.000000,1,0,0,0,3,1
153,0,1,3,3.000000,1.000000,0,0,1,0,4,3
154,1,1,4,2.000000,3.000000,0,0,0,1,1,4
154,1,1,1,3.000000,4.000000,1,0,0,0,2,1
154,1,1,2,4.000000,1.000000,0,0,1,0,3,3
154,1,1,3,1.000000,2.000000,0,1,0,0,4,2
155,1,1,3,3.000000,3.000000,0,0,1,0,1,3
155,1,1,4,2.000000,4.000000,0,1,0,0,2,2
155,1,1,1,4.000000,2.000000,1,0,0,0,3,1
155,1,1,2,1.000000,1.000000,0,0,0,1,4,4
156,1,0,4,3.000000,3.000000,0,0,1,0,1,3
156,1,0,2,1.000000,2.000000,1,0,0,0,2,1
156,1,0,1,4.000000,4.000000,0,0,0,1,3,4
156,1,0,3,2.000000,1.000000,0,1,0,0,4,2
157,1,1,1,1.000000,2.000000,0,0,1,0,1,3
157,1,1,2,2.000000,3.000000,0,1,0,0,2,2
157,1,1,3,3.000000,4.000000,1,0,0,0,3,1
157,1,1,4,4.000000,1.000000,0,0,0,1,4,4
158,1,0,3,4.000000,1.000000,0,0,0,1,1,4
158,1,0,4,3.000000,4.000000,1,0,0,0,2,1
158,1,0,1,1.000000,3.000000,0,0,1,0,3,3
158,1,0,2,2.000000,2.000000,0,1,0,0,4,2
159,1,0,3,4.000000,3.000000,0,1,0,0,1,2
159,1,0,4,3.000000,4.000000,1,0,0,0,2,1
159,1,0,1,1.000000,1.000000,0,0,0,1,3,4
159,1,0,2,2.000000,2.000000,0,0,1,0,4,3
160,1,1,3,2.000000,4.000000,0,1,0,0,1,2
160,1,1,4,3.000000,1.000000,1,0,0,0,2,1
160,1,1,1,4.000000,2.000000,0,0,0,1,3,4
160,1,1,2,1.000000,3.000000,0,0,1,0,4,3
161,1,0,4,3.000000,1.000000,0,0,1,0,1,3
161,1,0,2,4.000000,3.000000,0,1,0,0,2,2
161,1,0,1,1.000000,4.000000,0,0,0,1,3,4
161,1,0,3,2.000000,2.000000,1,0,0,0,4,1
162,1,1,3,4.000000,2.000000,0,0,1,0,1,3
162,1,1,4,1.000000,4.000000,1,0,0,0,2,1
162,1,1,2,2.000000,3.000000,0,1,0,0,3,2
162,1,1,1,3.000000,1.000000,0,0,0,1,4,4
163,1,1,1,3.000000,4.000000,0,0,0,1,1,4
163,1,1,3,2.000000,2.000000,0,0,1,0,2,3
163,1,1,4,1.000000,1.000000,0,1,0,0,3,2
163,1,1,2,4.000000,3.000000,1,0,0,0,4,1
164,1,1,1,2.000000,4.000000,0,0,1,0,1,3
164,1,1,4,3.000000,2.000000,0,0,0,1,2,4
164,1,1,2,1.000000,3.000000,1,0,0,0,3,1
164,1,1,3,4.000000,1.000000,0,1,0,0,4,2
165,1,0,2,4.000000,3.000000,0,1,0,0,1,2
165,1,0,1,2.000000,4.000000,0,0,0,1,2,4
165,1,0,3,3.000000,2.000000,0,0,1,0,3,3
165,1,0,4,1.000000,1.000000,1,0,0,0,4,1
166,1,0,3,2.000000,1.000000,0,0,1,0,1,3
166,1,0,4,4.000000,3.000000,1,0,0,0,2,1
166,1,0,2,3.000000,2.000000,0,1,0,0,3,2
166,1,0,1,1.000000,4.000000,0,0,0,1,4,4
167,1,0,3,2.000000,4.000000,0,1,0,0,1,2
167,1,0,4,3.000000,2.000000,0,0,1,0,2,3
167,1,0,1,1.000000,3.000000,0,0,0,1,3,4
167,1,0,2,4.000000,1.000000,1,0,0,0,4,1
168,1,0,1,4.000000,3.000000,0,0,1,0,1,3
168,1,0,2,3.000000,4.000000,1,0,0,0,2,1
168,1,0,3,1.000000,2.000000,0,1,0,0,3,2
168,1,0,4,2.000000,1.000000,0,0,0,1,4,4
169,1,1,1,4.000000,4.000000,1,0,0,0,1,1
169,1,1,2,2.000000,3.000000,0,1,0,0,2,2
169,1,1,3,1.000000,2.000000,0,0,1,0,3,3
169,1,1,4,3.000000,1.000000,0,0,0,1,4,4
170,1,0,3,1.000000,3.000000,0,1,0,0,1,2
170,1,0,4,2.000000,2.000000,1,0,0,0,2,1
170,1,0,1,3.000000,1.000000,0,0,0,1,3,4
170,1,0,2,4.000000,4.000000,0,0,1,0,4,3
171,1,1,1,4.000000,3.000000,0,0,1,0,1,3
171,1,1,2,3.000000,4.000000,0,0,0,1,2,4
171,1,1,3,1.000000,2.000000,0,1,0,0,3,2
171,1,1,4,2.000000,1.000000,1,0,0,0,4,1
172,1,1,3,1.000000,4.000000,0,0,0,1,1,4
172,1,1,4,2.000000,1.000000,0,0,1,0,2,3
172,1,1,1,4.000000,2.000000,0,1,0,0,3,2
172,1,1,2,3.000000,3.000000,1,0,0,0,4,1
173,1,0,3,2.000000,4.000000,0,0,1,0,1,3
173,1,0,4,3.000000,1.000000,0,0,0,1,2,4
173,1,0,1,4.000000,2.000000,1,0,0,0,3,1
173,1,0,2,1.000000,3.000000,0,1,0,0,4,2
174,1,1,1,1.000000,4.000000,0,0,0,1,1,4
174,1,1,2,3.000000,3.000000,0,0,1,0,2,3
174,1,1,3,2.000000,2.000000,1,0,0,0,3,1
174,1,1,4,4.000000,1.000000,0,1,0,0,4,2
175,1,1,1,4.000000,3.000000,0,0,1,0,1,3
175,1,1,2,2.000000,4.000000,1,0,0,0,2,1
175,1,1,3,3.000000,2.000000,0,1,0,0,3,2
175,1,1,4,1.000000,1.000000,0,0,0,1,4,4
176,1,1,1,3.000000,4.000000,0,1,0,0,1,2
176,1,1,4,4.000000,2.000000,0,0,1,0,2,3
176,1,1,2,1.000000,3.000000,1,0,0,0,3,1
176,1,1,3,2.000000,1.000000,0,0,0,1,4,4
177,1,0,4,3.000000,4.000000,0,0,0,1,1,4
177,1,0,3,2.000000,1.000000,0,0,1,0,2,3
177,1,0,1,1.000000,2.000000,0,1,0,0,3,2
177,1,0,2,4.000000,3.000000,1,0,0,0,4,1
178,1,0,3,4.000000,2.000000,0,1,0,0,1,2
178,1,0,4,3.000000,4.000000,1,0,0,0,2,1
178,1,0,1,1.000000,1.000000,0,0,0,1,3,4
178,1,0,2,2.000000,3.000000,0,0,1,0,4,3
179,1,1,1,4.000000,4.000000,0,1,0,0,1,2
179,1,1,3,1.000000,2.000000,0,0,0,1,2,4
179,1,1,2,2.000000,3.000000,1,0,0,0,3,1
179,1,1,4,3.000000,1.000000,0,0,1,0,4,3
180,1,1,3,2.000000,4.000000,1,0,0,0,1,1
180,1,1,4,3.000000,3.000000,0,0,1,0,2,3
180,1,1,1,4.000000,1.000000,0,0,0,1,3,4
180,1,1,2,1.000000,2.000000,0,1,0,0,4,2
181,1,0,3,4.000000,3.000000,0,0,1,0,1,3
181,1,0,4,3.000000,4.000000,0,0,0,1,2,4
181,1,0,1,1.000000,2.000000,1,0,0,0,3,1
181,1,0,2,2.000000,1.000000,0,1,0,0,4,2
182,1,1,3,3.000000,4.000000,0,1,0,0,1,2
182,1,1,4,4.000000,3.000000,1,0,0,0,2,1
182,1,1,1,1.000000,1.000000,0,0,0,1,3,4
182,1,1,2,2.000000,2.000000,0,0,1,0,4,3
183,1,1,2,2.000000,3.000000,1,0,0,0,1,1
183,1,1,3,3.000000,4.000000,0,0,0,1,2,4
183,1,1,1,4.000000,2.000000,0,0,1,0,3,3
183,1,1,4,1.000000,1.000000,0,1,0,0,4,2
184,1,0,3,4.000000,2.000000,0,0,0,1,1,4
184,1,0,4,3.000000,4.000000,0,0,1,0,2,3
184,1,0,1,2.000000,3.000000,0,1,0,0,3,2
184,1,0,2,1.000000,1.000000,1,0,0,0,4,1
185,1,1,1,4.000000,4.000000,0,1,0,0,1,2
185,1,1,4,1.000000,2.000000,1,0,0,0,2,1
185,1,1,2,2.000000,1.000000,0,0,1,0,3,3
185,1,1,3,3.000000,3.000000,0,0,0,1,4,4
186,1,1,2,2.000000,4.000000,0,1,0,0,1,2
186,1,1,3,3.000000,1.000000,1,0,0,0,2,1
186,1,1,1,4.000000,2.000000,0,0,1,0,3,3
186,1,1,4,1.000000,3.000000,0,0,0,1,4,4
187,1,0,4,3.000000,2.000000,0,1,0,0,1,2
187,1,0,1,4.000000,3.000000,0,0,1,0,2,3
187,1,0,2,1.000000,4.000000,1,0,0,0,3,1
187,1,0,3,2.000000,1.000000,0,0,0,1,4,4
188,1,1,4,3.000000,4.000000,1,0,0,0,1,1
188,1,1,2,4.000000,2.000000,0,0,1,0,2,3
188,1,1,3,1.000000,3.000000,0,1,0,0,3,2
188,1,1,1,2.000000,1.000000,0,0,0,1,4,4
189,1,1,4,2.000000,1.000000,0,0,1,0,1,3
189,1,1,1,3.000000,4.000000,0,0,0,1,2,4
189,1,1,2,1.000000,3.000000,0,1,0,0,3,2
189,1,1,3,4.000000,2.000000,1,0,0,0,4,1
190,1,0,3,1.000000,4.000000,1,0,0,0,1,1
190,1,0,4,3.000000,1.000000,0,0,0,1,2,4
190,1,0,1,4.000000,2.000000,0,0,1,0,3,3
190,1,0,2,2.000000,3.000000,0,1,0,0,4,2
191,1,0,1,4.000000,3.000000,0,0,0,1,1,4
191,1,0,2,2.000000,4.000000,1,0,0,0,2,1
191,1,0,3,3.000000,2.000000,0,0,1,0,3,3
191,1,0,4,1.000000,1.000000,0,1,0,0,4,2
192,1,0,3,4.000000,4.000000,0,0,1,0,1,3
192,1,0,4,3.000000,1.000000,0,0,0,1,2,4
192,1,0,1,1.000000,2.000000,0,1,0,0,3,2
192,1,0,2,2.000000,3.000000,1,0,0,0,4,1
193,1,1,1,3.000000,3.000000,0,0,1,0,1,3
193,1,1,2,4.000000,4.000000,0,0,0,1,2,4
193,1,1,4,1.000000,1.000000,0,1,0,0,3,2
193,1,1,3,2.000000,2.000000,1,0,0,0,4,1
194,1,0,2,3.000000,3.000000,0,1,0,0,1,2
194,1,0,1,1.000000,4.000000,0,0,1,0,2,3
194,1,0,3,4.000000,1.000000,0,0,0,1,3,4
194,1,0,4,2.000000,2.000000,1,0,0,0,4,1
195,1,1,4,2.000000,4.000000,1,0,0,0,1,1
195,1,1,3,4.000000,3.000000,0,0,0,1,2,4
195,1,1,2,3.000000,2.000000,0,0,1,0,3,3
195,1,1,1,1.000000,1.000000,0,1,0,0,4,2
196,1,0,1,3.000000,4.000000,0,0,1,0,1,3
196,1,0,2,4.000000,3.000000,0,1,0,0,2,2
196,1,0,3,1.000000,2.000000,0,0,0,1,3,4
196,1,0,4,2.000000,1.000000,1,0,0,0,4,1
197,1,1,2,4.000000,3.000000,0,1,0,0,1,2
197,1,1,1,2.000000,4.000000,0,0,1,0,2,3
197,1,1,3,3.000000,2.000000,1,0,0,0,3,1
197,1,1,4,1.000000,1.000000,0,0,0,1,4,4
198,1,0,4,3.000000,2.000000,0,0,1,0,1,3
198,1,0,1,4.000000,4.000000,0,0,0,1,2,4
198,1,0,2,1.000000,3.000000,0,1,0,0,3,2
198,1,0,3,2.000000,1.000000,1,0,0,0,4,1
199,1,1,1,4.000000,4.000000,0,0,1,0,1,3
199,1,1,2,3.000000,3.000000,0,1,0,0,2,2
199,1,1,3,1.000000,1.000000,0,0,0,1,3,4
199,1,1,4,2.000000,2.000000,1,0,0,0,4,1
200,1,0,1,3.000000,3.000000,0,1,0,0,1,2
200,1,0,2,4.000000,4.000000,0,0,1,0,2,3
200,1,0,4,1.000000,2.000000,1,0,0,0,3,1
200,1,0,3,2.000000,1.000000,0,0,0,1,4,4
201,1,1,3,3.000000,3.000000,0,0,1,0,1,3
201,1,1,4,4.000000,4.000000,0,1,0,0,2,2
201,1,1,1,1.000000,1.000000,1,0,0,0,3,1
201,1,1,2,2.000000,2.000000,0,0,0,1,4,4
202,1,0,3,2.000000,2.000000,0,0,1,0,1,3
202,1,0,2,4.000000,3.000000,0,1,0,0,2,2
202,1,0,1,3.000000,4.000000,1,0,0,0,3,1
202,1,0,4,1.000000,1.000000,0,0,0,1,4,4
203,1,0,1,1.000000,2.000000,0,0,1,0,1,3
203,1,0,2,4.000000,3.000000,0,0,0,1,2,4
203,1,0,3,2.000000,4.000000,1,0,0,0,3,1
203,1,0,4,3.000000,1.000000,0,1,0,0,4,2
204,1,0,2,3.000000,2.000000,0,0,0,1,1,4
204,1,0,4,4.000000,3.000000,0,0,1,0,2,3
204,1,0,3,1.000000,4.000000,0,1,0,0,3,2
204,1,0,1,2.000000,1.000000,1,0,0,0,4,1
205,1,1,1,2.000000,4.000000,0,0,1,0,1,3
205,1,1,2,3.000000,3.000000,0,0,0,1,2,4
205,1,1,3,1.000000,2.000000,1,0,0,0,3,1
205,1,1,4,4.000000,1.000000,0,1,0,0,4,2
206,1,0,4,1.000000,4.000000,0,1,0,0,1,2
206,1,0,1,3.000000,2.000000,0,0,1,0,2,3
206,1,0,2,4.000000,3.000000,1,0,0,0,3,1
206,1,0,3,2.000000,1.000000,0,0,0,1,4,4
207,1,1,3,3.000000,4.000000,0,0,1,0,1,3
207,1,1,4,4.000000,3.000000,0,1,0,0,2,2
207,1,1,1,1.000000,1.000000,0,0,0,1,3,4
207,1,1,2,2.000000,2.000000,1,0,0,0,4,1
208,1,1,1,3.000000,4.000000,0,0,1,0,1,3
208,1,1,2,4.000000,3.000000,0,0,0,1,2,4
208,1,1,4,1.000000,1.000000,1,0,0,0,3,1
208,1,1,3,2.000000,2.000000,0,1,0,0,4,2
209,1,1,3,2.000000,3.000000,0,1,0,0,1,2
209,1,1,1,4.000000,4.000000,0,0,1,0,2,3
209,1,1,4,3.000000,1.000000,0,0,0,1,3,4
209,1,1,2,1.000000,2.000000,1,0,0,0,4,1
210,1,0,1,1.000000,4.000000,1,0,0,0,1,1
210,1,0,2,2.000000,3.000000,0,1,0,0,2,2
210,1,0,3,3.000000,1.000000,0,0,1,0,3,3
210,1,0,4,4.000000,2.000000,0,0,0,1,4,4
211,1,1,4,3.000000,4.000000,0,1,0,0,1,2
211,1,1,1,4.000000,3.000000,0,0,0,1,2,4
211,1,1,2,1.000000,2.000000,1,0,0,0,3,1
211,1,1,3,2.000000,1.000000,0,0,1,0,4,3
212,1,0,1,2.000000,4.000000,0,0,0,1,1,4
212,1,0,4,3.000000,2.000000,0,1,0,0,2,2
212,1,0,2,1.000000,3.000000,1,0,0,0,3,1
212,1,0,3,4.000000,1.000000,0,0,1,0,4,3
213,1,1,1,4.000000,4.000000,0,1,0,0,1,2
213,1,1,2,3.000000,3.000000,0,0,0,1,2,4
213,1,1,4,1.000000,1.000000,0,0,1,0,3,3
213,1,1,3,2.000000,2.000000,1,0,0,0,4,1
214,1,1,1,3.000000,1.000000,0,0,1,0,1,3
214,1,1,2,2.000000,4.000000,0,1,0,0,2,2
214,1,1,4,4.000000,2.000000,0,0,0,1,3,4
214,1,1,3,1.000000,3.000000,1,0,0,0,4,1
215,1,0,3,2.000000,4.000000,0,1,0,0,1,2
215,1,0,4,4.000000,3.000000,0,0,1,0,2,3
215,1,0,1,3.000000,1.000000,1,0,0,0,3,1
215,1,0,2,1.000000,2.000000,0,0,0,1,4,4
216,1,0,1,4.000000,4.000000,1,0,0,0,1,1
216,1,0,4,3.000000,2.000000,0,0,0,1,2,4
216,1,0,2,1.000000,1.000000,0,0,1,0,3,3
216,1,0,3,2.000000,3.000000,0,1,0,0,4,2
217,1,0,3,4.000000,1.000000,1,0,0,0,1,1
217,1,0,4,2.000000,4.000000,0,0,0,1,2,4
217,1,0,1,3.000000,3.000000,0,0,1,0,3,3
217,1,0,2,1.000000,2.000000,0,1,0,0,4,2
218,1,0,3,4.000000,4.000000,1,0,0,0,1,1
218,1,0,4,3.000000,1.000000,0,0,1,0,2,3
218,1,0,1,1.000000,3.000000,0,0,0,1,3,4
218,1,0,2,2.000000,2.000000,0,1,0,0,4,2
219,1,0,2,4.000000,4.000000,1,0,0,0,1,1
219,1,0,4,3.000000,2.000000,0,0,1,0,2,3
219,1,0,1,1.000000,3.000000,0,0,0,1,3,4
219,1,0,3,2.000000,1.000000,0,1,0,0,4,2
220,1,0,2,1.000000,3.000000,0,0,1,0,1,3
220,1,0,3,4.000000,4.000000,0,0,0,1,2,4
220,1,0,1,2.000000,2.000000,1,0,0,0,3,1
220,1,0,4,3.000000,1.000000,0,1,0,0,4,2
221,1,0,2,4.000000,3.000000,1,0,0,0,1,1
221,1,0,3,3.000000,4.000000,0,1,0,0,2,2
221,1,0,4,1.000000,1.000000,0,0,0,1,3,4
221,1,0,1,2.000000,2.000000,0,0,1,0,4,3
222,1,1,1,2.000000,4.000000,1,0,0,0,1,1
222,1,1,2,4.000000,3.000000,0,1,0,0,2,2
222,1,1,3,1.000000,1.000000,0,0,1,0,3,3
222,1,1,4,3.000000,2.000000,0,0,0,1,4,4
223,1,1,4,4.000000,2.000000,0,1,0,0,1,2
223,1,1,2,2.000000,4.000000,0,0,1,0,2,3
223,1,1,1,3.000000,1.000000,0,0,0,1,3,4
223,1,1,3,1.000000,3.000000,1,0,0,0,4,1
224,1,1,3,3.000000,4.000000,1,0,0,0,1,1
224,1,1,4,2.000000,3.000000,0,1,0,0,2,2
224,1,1,1,1.000000,1.000000,0,0,1,0,3,3
224,1,1,2,4.000000,2.000000,0,0,0,1,4,4
225,1,0,3,4.000000,4.000000,1,0,0,0,1,1
225,1,0,4,3.000000,3.000000,0,1,0,0,2,2
225,1,0,1,1.000000,1.000000,0,0,0,1,3,4
225,1,0,2,2.000000,2.000000,0,0,1,0,4,3
226,1,1,1,2.000000,3.000000,0,0,0,1,1,4
226,1,1,3,3.000000,4.000000,1,0,0,0,2,1
226,1,1,2,4.000000,1.000000,0,0,1,0,3,3
226,1,1,4,1.000000,2.000000,0,1,0,0,4,2
227,1,0,3,3.000000,3.000000,1,0,0,0,1,1
227,1,0,4,4.000000,4.000000,0,0,1,0,2,3
227,1,0,1,1.000000,1.000000,0,0,0,1,3,4
227,1,0,2,2.000000,2.000000,0,1,0,0,4,2
228,1,1,2,3.000000,4.000000,0,0,1,0,1,3
228,1,1,4,4.000000,2.000000,0,0,0,1,2,4
228,1,1,1,1.000000,3.000000,0,1,0,0,3,2
228,1,1,3,2.000000,1.000000,1,0,0,0,4,1
229,1,1,3,2.000000,4.000000,0,0,0,1,1,4
229,1,1,4,4.000000,2.000000,0,1,0,0,2,2
229,1,1,1,3.000000,3.000000,1,0,0,0,3,1
229,1,1,2,1.000000,1.000000,0,0,1,0,4,3
230,1,1,2,4.000000,3.000000,0,0,1,0,1,3
230,1,1,3,3.000000,4.000000,0,1,0,0,2,2
230,1,1,1,2.000000,2.000000,0,0,0,1,3,4
230,1,1,4,1.000000,1.000000,1,0,0,0,4,1
231,1,0,1,3.000000,3.000000,0,0,0,1,1,4
231,1,0,3,1.000000,4.000000,1,0,0,0,2,1
231,1,0,2,2.000000,2.000000,0,1,0,0,3,2
231,1,0,4,4.000000,1.000000,0,0,1,0,4,3
232,1,0,3,3.000000,4.000000,0,0,0,1,1,4
232,1,0,4,4.000000,2.000000,0,0,1,0,2,3
232,1,0,2,1.000000,3.000000,0,1,0,0,3,2
232,1,0,1,2.000000,1.000000,1,0,0,0,4,1
233,1,1,1,4.000000,3.000000,0,0,1,0,1,3
233,1,1,2,3.000000,4.000000,0,1,0,0,2,2
233,1,1,3,1.000000,1.000000,1,0,0,0,3,1
233,1,1,4,2.000000,2.000000,0,0,0,1,4,4
234,1,1,1,2.000000,3.000000,0,0,0,1,1,4
234,1,1,2,3.000000,4.000000,0,0,1,0,2,3
234,1,1,3,1.000000,2.000000,1,0,0,0,3,1
234,1,1,4,4.000000,1.000000,0,1,0,0,4,2
235,1,0,3,3.000000,3.000000,0,1,0,0,1,2
235,1,0,4,4.000000,4.000000,1,0,0,0,2,1
235,1,0,1,1.000000,1.000000,0,0,1,0,3,3
235,1,0,2,2.000000,2.000000,0,0,0,1,4,4
236,1,0,1,4.000000,4.000000,1,0,0,0,1,1
236,1,0,4,3.000000,2.000000,0,1,0,0,2,2
236,1,0,2,1.000000,3.000000,0,0,0,1,3,4
236,1,0,3,2.000000,1.000000,0,0,1,0,4,3
237,1,0,1,2.000000,4.000000,0,0,0,1,1,4
237,1,0,4,3.000000,2.000000,0,0,1,0,2,3
237,1,0,2,1.000000,3.000000,1,0,0,0,3,1
237,1,0,3,4.000000,1.000000,0,1,0,0,4,2
238,1,0,2,4.000000,4.000000,1,0,0,0,1,1
238,1,0,4,3.000000,1.000000,0,0,1,0,2,3
238,1,0,1,1.000000,3.000000,0,0,0,1,3,4
238,1,0,3,2.000000,2.000000,0,1,0,0,4,2
239,1,0,1,3.000000,3.000000,0,0,1,0,1,3
239,1,0,2,4.000000,4.000000,0,1,0,0,2,2
239,1,0,3,1.000000,1.000000,0,0,0,1,3,4
239,1,0,4,2.000000,2.000000,1,0,0,0,4,1
240,1,0,2,1.000000,3.000000,0,0,0,1,1,4
240,1,0,1,2.000000,4.000000,0,0,1,0,2,3
240,1,0,3,3.000000,1.000000,0,1,0,0,3,2
240,1,0,4,4.000000,2.000000,1,0,0,0,4,1
241,1,1,2,2.000000,4.000000,1,0,0,0,1,1
241,1,1,3,3.000000,3.000000,0,1,0,0,2,2
241,1,1,1,4.000000,2.000000,0,0,0,1,3,4
241,1,1,4,1.000000,1.000000,0,0,1,0,4,3
242,1,1,3,4.000000,4.000000,0,0,1,0,1,3
242,1,1,4,2.000000,2.000000,0,1,0,0,2,2
242,1,1,1,1.000000,3.000000,0,0,0,1,3,4
242,1,1,2,3.000000,1.000000,1,0,0,0,4,1
243,1,1,1,3.000000,4.000000,0,1,0,0,1,2
243,1,1,2,4.000000,3.000000,0,0,0,1,2,4
243,1,1,3,1.000000,1.000000,1,0,0,0,3,1
243,1,1,4,2.000000,2.000000,0,0,1,0,4,3
244,1,0,3,2.000000,4.000000,0,0,1,0,1,3
244,1,0,4,4.000000,2.000000,1,0,0,0,2,1
244,1,0,1,1.000000,3.000000,0,1,0,0,3,2
244,1,0,2,3.000000,1.000000,0,0,0,1,4,4
245,1,0,2,2.000000,3.000000,0,1,0,0,1,2
245,1,0,3,3.000000,4.000000,1,0,0,0,2,1
245,1,0,4,1.000000,2.000000,0,0,1,0,3,3
245,1,0,1,4.000000,1.000000,0,0,0,1,4,4
246,1,1,3,2.000000,2.000000,1,0,0,0,1,1
246,1,1,2,3.000000,3.000000,0,1,0,0,2,2
246,1,1,4,4.000000,4.000000,0,0,0,1,3,4
246,1,1,1,1.000000,1.000000,0,0,1,0,4,3
247,1,1,3,3.000000,4.000000,0,1,0,0,1,2
247,1,1,4,4.000000,3.000000,0,0,1,0,2,3
247,1,1,1,1.000000,1.000000,0,0,0,1,3,4
247,1,1,2,2.000000,2.000000,1,0,0,0,4,1
248,1,0,2,4.000000,4.000000,0,1,0,0,1,2
248,1,0,4,2.000000,2.000000,1,0,0,0,2,1
248,1,0,1,3.000000,3.000000,0,0,1,0,3,3
248,1,0,3,1.000000,1.000000,0,0,0,1,4,4
249,1,0,2,2.000000,3.000000,0,1,0,0,1,2
249,1,0,1,3.000000,4.000000,0,0,0,1,2,4
249,1,0,3,4.000000,2.000000,0,0,1,0,3,3
249,1,0,4,1.000000,1.000000,1,0,0,0,4,1
250,1,0,3,3.000000,3.000000,0,0,1,0,1,3
250,1,0,4,4.000000,4.000000,0,0,0,1,2,4
250,1,0,1,1.000000,2.000000,0,1,0,0,3,2
250,1,0,2,2.000000,1.000000,1,0,0,0,4,1
251,1,0,4,4.000000,3.000000,0,0,0,1,1,4
251,1,0,1,3.000000,4.000000,0,1,0,0,2,2
251,1,0,2,1.000000,2.000000,1,0,0,0,3,1
251,1,0,3,2.000000,1.000000,0,0,1,0,4,3
252,1,0,4,2.000000,4.000000,0,0,1,0,1,3
252,1,0,1,3.000000,1.000000,1,0,0,0,2,1
252,1,0,3,1.000000,2.000000,0,0,0,1,3,4
252,1,0,2,4.000000,3.000000,0,1,0,0,4,2
253,1,0,1,2.000000,4.000000,0,1,0,0,1,2
253,1,0,3,4.000000,3.000000,1,0,0,0,2,1
253,1,0,2,1.000000,2.000000,0,0,0,1,3,4
253,1,0,4,3.000000,1.000000,0,0,1,0,4,3
254,1,1,3,4.000000,4.000000,0,1,0,0,1,2
254,1,1,4,2.000000,3.000000,0,0,1,0,2,3
254,1,1,1,3.000000,2.000000,0,0,0,1,3,4
254,1,1,2,1.000000,1.000000,1,0,0,0,4,1
255,1,1,3,4.000000,2.000000,0,0,0,1,1,4
255,1,1,1,2.000000,4.000000,0,1,0,0,2,2
255,1,1,2,1.000000,3.000000,1,0,0,0,3,1
255,1,1,4,3.000000,1.000000,0,0,1,0,4,3
256,1,1,1,3.000000,4.000000,0,0,1,0,1,3
256,1,1,2,4.000000,3.000000,1,0,0,0,2,1
256,1,1,3,1.000000,2.000000,0,1,0,0,3,2
256,1,1,4,2.000000,1.000000,0,0,0,1,4,4
257,1,1,1,3.000000,1.000000,0,0,0,1,1,4
257,1,1,4,4.000000,4.000000,1,0,0,0,2,1
257,1,1,3,1.000000,2.000000,0,0,1,0,3,3
257,1,1,2,2.000000,3.000000,0,1,0,0,4,2
258,1,1,4,4.000000,2.000000,1,0,0,0,1,1
258,1,1,2,2.000000,4.000000,0,0,1,0,2,3
258,1,1,1,1.000000,3.000000,0,1,0,0,3,2
258,1,1,3,3.000000,1.000000,0,0,0,1,4,4
259,1,1,3,2.000000,4.000000,0,1,0,0,1,2
259,1,1,4,1.000000,3.000000,1,0,0,0,2,1
259,1,1,1,3.000000,2.000000,0,0,1,0,3,3
259,1,1,2,4.000000,1.000000,0,0,0,1,4,4
260,1,1,2,4.000000,3.000000,0,1,0,0,1,2
260,1,1,3,2.000000,4.000000,1,0,0,0,2,1
260,1,1,1,3.000000,1.000000,0,0,1,0,3,3
260,1,1,4,1.000000,2.000000,0,0,0,1,4,4
261,1,1,3,4.000000,4.000000,0,0,0,1,1,4
261,1,1,4,3.000000,2.000000,0,1,0,0,2,2
261,1,1,1,1.000000,3.000000,1,0,0,0,3,1
261,1,1,2,2.000000,1.000000,0,0,1,0,4,3
262,1,0,3,4.000000,4.000000,1,0,0,0,1,1
262,1,0,2,3.000000,2.000000,0,0,0,1,2,4
262,1,0,1,1.000000,3.000000,0,0,1,0,3,3
262,1,0,4,2.000000,1.000000,0,1,0,0,4,2
263,1,0,2,4.000000,3.000000,1,0,0,0,1,1
263,1,0,4,2.000000,2.000000,0,1,0,0,2,2
263,1,0,3,3.000000,4.000000,0,0,0,1,3,4
263,1,0,1,1.000000,1.000000,0,0,1,0,4,3
264,1,0,2,4.000000,4.000000,0,0,1,0,1,3
264,1,0,4,1.000000,2.000000,0,0,0,1,2,4
264,1,0,1,2.000000,3.000000,0,1,0,0,3,2
264,1,0,3,3.000000,1.000000,1,0,0,0,4,1
265,1,0,3,3.000000,2.000000,0,0,1,0,1,3
265,1,0,4,4.000000,4.000000,1,0,0,0,2,1
265,1,0,1,1.000000,1.000000,0,1,0,0,3,2
265,1,0,2,2.000000,3.000000,0,0,0,1,4,4
266,1,1,3,4.000000,3.000000,0,0,1,0,1,3
266,1,1,4,3.000000,2.000000,0,0,0,1,2,4
266,1,1,1,2.000000,1.000000,0,1,0,0,3,2
266,1,1,2,1.000000,4.000000,1,0,0,0,4,1
267,1,1,1,4.000000,3.000000,0,0,0,1,1,4
267,1,1,4,2.000000,1.000000,0,0,1,0,2,3
267,1,1,2,1.000000,4.000000,0,1,0,0,3,2
267,1,1,3,3.000000,2.000000,1,0,0,0,4,1
268,1,1,3,4.000000,4.000000,0,0,0,1,1,4
268,1,1,4,2.000000,3.000000,0,1,0,0,2,2
268,1,1,1,1.000000,2.000000,0,0,1,0,3,3
268,1,1,2,3.000000,1.000000,1,0,0,0,4,1
269,1,0,2,3.000000,4.000000,0,0,0,1,1,4
269,1,0,1,4.000000,3.000000,1,0,0,0,2,1
269,1,0,3,1.000000,2.000000,0,1,0,0,3,2
269,1,0,4,2.000000,1.000000,0,0,1,0,4,3
270,1,0,1,2.000000,4.000000,0,0,0,1,1,4
270,1,0,4,3.000000,2.000000,0,0,1,0,2,3
270,1,0,2,4.000000,3.000000,0,1,0,0,3,2
270,1,0,3,1.000000,1.000000,1,0,0,0,4,1
271,1,1,2,3.000000,4.000000,1,0,0,0,1,1
271,1,1,1,4.000000,3.000000,0,0,0,1,2,4
271,1,1,4,2.000000,2.000000,0,0,1,0,3,3
271,1,1,3,1.000000,1.000000,0,1,0,0,4,2
272,1,0,2,2.000000,2.000000,1,0,0,0,1,1
272,1,0,1,1.000000,4.000000,0,1,0,0,2,2
272,1,0,3,4.000000,1.000000,0,0,0,1,3,4
272,1,0,4,3.000000,3.000000,0,0,1,0,4,3
273,1,0,2,2.000000,3.000000,0,1,0,0,1,2
273,1,0,1,4.000000,4.000000,1,0,0,0,2,1
273,1,0,4,1.000000,1.000000,0,0,0,1,3,4
273,1,0,3,3.000000,2.000000,0,0,1,0,4,3
274,1,0,1,3.000000,3.000000,0,0,0,1,1,4
274,1,0,2,4.000000,4.000000,0,0,1,0,2,3
274,1,0,3,1.000000,1.000000,1,0,0,0,3,1
274,1,0,4,2.000000,2.000000,0,1,0,0,4,2
275,1,0,1,3.000000,4.000000,0,0,0,1,1,4
275,1,0,3,4.000000,3.000000,0,1,0,0,2,2
275,1,0,2,1.000000,1.000000,1,0,0,0,3,1
275,1,0,4,2.000000,2.000000,0,0,1,0,4,3
276,1,1,3,2.000000,3.000000,0,0,1,0,1,3
276,1,1,4,3.000000,4.000000,0,1,0,0,2,2
276,1,1,1,1.000000,2.000000,1,0,0,0,3,1
276,1,1,2,4.000000,1.000000,0,0,0,1,4,4
277,1,1,1,4.000000,4.000000,0,1,0,0,1,2
277,1,1,3,2.000000,2.000000,0,0,1,0,2,3
277,1,1,4,1.000000,3.000000,0,0,0,1,3,4
277,1,1,2,3.000000,1.000000,1,0,0,0,4,1
278,1,1,1,4.000000,3.000000,0,0,1,0,1,3
278,1,1,3,3.000000,4.000000,0,1,0,0,2,2
278,1,1,4,1.000000,1.000000,1,0,0,0,3,1
278,1,1,2,2.000000,2.000000,0,0,0,1,4,4
279,1,1,1,4.000000,4.000000,0,0,0,1,1,4
279,1,1,2,3.000000,3.000000,1,0,0,0,2,1
279,1,1,3,1.000000,2.000000,0,0,1,0,3,3
279,1,1,4,2.000000,1.000000,0,1,0,0,4,2
280,1,1,3,3.000000,1.000000,0,1,0,0,1,2
280,1,1,4,4.000000,4.000000,0,0,1,0,2,3
280,1,1,1,1.000000,2.000000,0,0,0,1,3,4
280,1,1,2,2.000000,3.000000,1,0,0,0,4,1
281,1,0,2,3.000000,3.000000,0,0,0,1,1,4
281,1,0,3,2.000000,4.000000,1,0,0,0,2,1
281,1,0,1,1.000000,2.000000,0,0,1,0,3,3
281,1,0,4,4.000000,1.000000,0,1,0,0,4,2
282,1,1,3,4.000000,3.000000,0,0,0,1,1,4
282,1,1,4,3.000000,4.000000,0,1,0,0,2,2
282,1,1,2,1.000000,1.000000,1,0,0,0,3,1
282,1,1,1,2.000000,2.000000,0,0,1,0,4,3
283,1,0,3,4.000000,4.000000,1,0,0,0,1,1
283,1,0,4,3.000000,3.000000,0,1,0,0,2,2
283,1,0,1,1.000000,1.000000,0,0,1,0,3,3
283,1,0,2,2.000000,2.000000,0,0,0,1,4,4
284,1,1,2,2.000000,4.000000,1,0,0,0,1,1
284,1,1,3,3.000000,2.000000,0,0,1,0,2,3
284,1,1,1,1.000000,3.000000,0,0,0,1,3,4
284,1,1,4,4.000000,1.000000,0,1,0,0,4,2
285,1,1,3,4.000000,3.000000,0,0,1,0,1,3
285,1,1,4,2.000000,1.000000,0,0,0,1,2,4
285,1,1,1,3.000000,4.000000,1,0,0,0,3,1
285,1,1,2,1.000000,2.000000,0,1,0,0,4,2
286,1,1,1,4.000000,4.000000,0,0,0,1,1,4
286,1,1,4,3.000000,2.000000,1,0,0,0,2,1
286,1,1,2,1.000000,3.000000,0,1,0,0,3,2
286,1,1,3,2.000000,1.000000,0,0,1,0,4,3
287,1,0,1,4.000000,4.000000,0,0,0,1,1,4
287,1,0,2,3.000000,3.000000,1,0,0,0,2,1
287,1,0,4,1.000000,1.000000,0,1,0,0,3,2
287,1,0,3,2.000000,2.000000,0,0,1,0,4,3
288,1,0,1,4.000000,3.000000,1,0,0,0,1,1
288,1,0,3,1.000000,4.000000,0,0,1,0,2,3
288,1,0,2,3.000000,1.000000,0,1,0,0,3,2
288,1,0,4,2.000000,2.000000,0,0,0,1,4,4
289,1,0,1,2.000000,4.000000,0,0,0,1,1,4
289,1,0,4,3.000000,1.000000,1,0,0,0,2,1
289,1,0,2,4.000000,2.000000,0,1,0,0,3,2
289,1,0,3,1.000000,3.000000,0,0,1,0,4,3
290,1,1,1,3.000000,4.000000,0,0,1,0,1,3
290,1,1,4,4.000000,2.000000,0,1,0,0,2,2
290,1,1,2,1.000000,3.000000,1,0,0,0,3,1
290,1,1,3,2.000000,1.000000,0,0,0,1,4,4
291,1,1,1,2.000000,3.000000,1,0,0,0,1,1
291,1,1,2,4.000000,4.000000,0,0,1,0,2,3
291,1,1,3,3.000000,2.000000,0,0,0,1,3,4
291,1,1,4,1.000000,1.000000,0,1,0,0,4,2
292,1,1,2,3.000000,2.000000,0,0,1,0,1,3
292,1,1,3,1.000000,3.000000,1,0,0,0,2,1
292,1,1,4,4.000000,4.000000,0,0,0,1,3,4
292,1,1,1,2.000000,1.000000,0,1,0,0,4,2
293,1,1,4,1.000000,2.000000,1,0,0,0,1,1
293,1,1,1,3.000000,4.000000,0,1,0,0,2,2
293,1,1,2,2.000000,3.000000,0,0,0,1,3,4
293,1,1,3,4.000000,1.000000,0,0,1,0,4,3
294,1,1,2,2.000000,2.000000,0,0,0,1,1,4
294,1,1,3,3.000000,3.000000,0,0,1,0,2,3
294,1,1,1,1.000000,1.000000,1,0,0,0,3,1
294,1,1,4,4.000000,4.000000,0,1,0,0,4,2
295,1,0,1,3.000000,4.000000,0,0,1,0,1,3
295,1,0,4,2.000000,3.000000,0,1,0,0,2,2
295,1,0,3,1.000000,2.000000,0,0,0,1,3,4
295,1,0,2,4.000000,1.000000,1,0,0,0,4,1
296,1,0,4,3.000000,4.000000,0,0,1,0,1,3
296,1,0,1,4.000000,2.000000,1,0,0,0,2,1
296,1,0,3,1.000000,3.000000,0,1,0,0,3,2
296,1,0,2,2.000000,1.000000,0,0,0,1,4,4
297,1,1,4,4.000000,1.000000,0,0,1,0,1,3
297,1,1,1,3.000000,4.000000,1,0,0,0,2,1
297,1,1,2,1.000000,3.000000,0,0,0,1,3,4
297,1,1,3,2.000000,2.000000,0,1,0,0,4,2
298,1,0,3,2.000000,3.000000,0,0,1,0,1,3
298,1,0,4,3.000000,4.000000,0,1,0,0,2,2
298,1,0,1,4.000000,1.000000,0,0,0,1,3,4
298,1,0,2,1.000000,2.000000,1,0,0,0,4,1
299,1,1,4,1.000000,2.000000,0,0,1,0,1,3
299,1,1,1,2.000000,4.000000,0,1,0,0,2,2
299,1,1,2,3.000000,1.000000,1,0,0,0,3,1
299,1,1,3,4.000000,3.000000,0,0,0,1,4,4
300,1,0,1,2.000000,4.000000,0,1,0,0,1,2
300,1,0,2,3.000000,3.000000,1,0,0,0,2,1
300,1,0,3,4.000000,2.000000,0,0,1,0,3,3
300,1,0,4,1.000000,1.000000,0,0,0,1,4,4
301,1,0,1,2.000000,4.000000,0,1,0,0,1,2
301,1,0,2,4.000000,3.000000,1,0,0,0,2,1
301,1,0,3,1.000000,2.000000,0,0,1,0,3,3
301,1,0,4,3.000000,1.000000,0,0,0,1,4,4
302,1,1,2,4.000000,3.000000,0,1,0,0,1,2
302,1,1,3,2.000000,4.000000,1,0,0,0,2,1
302,1,1,1,3.000000,2.000000,0,0,0,1,3,4
302,1,1,4,1.000000,1.000000,0,0,1,0,4,3
303,1,1,4,3.000000,4.000000,0,1,0,0,1,2
303,1,1,3,4.000000,3.000000,1,0,0,0,2,1
303,1,1,1,1.000000,2.000000,0,0,1,0,3,3
303,1,1,2,2.000000,1.000000,0,0,0,1,4,4
304,1,1,2,3.000000,4.000000,1,0,0,0,1,1
304,1,1,3,4.000000,3.000000,0,1,0,0,2,2
304,1,1,4,2.000000,1.000000,0,0,0,1,3,4
304,1,1,1,1.000000,2.000000,0,0,1,0,4,3
305,1,1,1,2.000000,3.000000,0,1,0,0,1,2
305,1,1,2,3.000000,4.000000,1,0,0,0,2,1
305,1,1,3,1.000000,2.000000,0,0,0,1,3,4
305,1,1,4,4.000000,1.000000,0,0,1,0,4,3
306,1,1,1,1.000000,3.000000,0,0,0,1,1,4
306,1,1,2,2.000000,4.000000,0,1,0,0,2,2
306,1,1,3,3.000000,2.000000,1,0,0,0,3,1
306,1,1,4,4.000000,1.000000,0,0,1,0,4,3
307,1,1,2,4.000000,3.000000,0,1,0,0,1,2
307,1,1,1,2.000000,4.000000,0,0,1,0,2,3
307,1,1,3,1.000000,2.000000,1,0,0,0,3,1
307,1,1,4,3.000000,1.000000,0,0,0,1,4,4
308,1,1,1,3.000000,4.000000,0,0,0,1,1,4
308,1,1,4,2.000000,3.000000,0,0,1,0,2,3
308,1,1,2,4.000000,2.000000,0,1,0,0,3,2
308,1,1,3,1.000000,1.000000,1,0,0,0,4,1
309,1,0,2,3.000000,3.000000,1,0,0,0,1,1
309,1,0,1,4.000000,4.000000,0,0,1,0,2,3
309,1,0,3,1.000000,1.000000,0,0,0,1,3,4
309,1,0,4,2.000000,2.000000,0,1,0,0,4,2
310,1,1,1,1.000000,1.000000,0,1,0,0,1,2
310,1,1,4,2.000000,3.000000,0,0,0,1,2,4
310,1,1,2,3.000000,4.000000,1,0,0,0,3,1
310,1,1,3,4.000000,2.000000,0,0,1,0,4,3
311,1,1,1,2.000000,4.000000,0,0,0,1,1,4
311,1,1,2,3.000000,3.000000,0,1,0,0,2,2
311,1,1,3,1.000000,2.000000,0,0,1,0,3,3
311,1,1,4,4.000000,1.000000,1,0,0,0,4,1
312,1,1,3,4.000000,2.000000,0,0,1,0,1,3
312,1,1,2,2.000000,4.000000,1,0,0,0,2,1
312,1,1,1,3.000000,3.000000,0,0,0,1,3,4
312,1,1,4,1.000000,1.000000,0,1,0,0,4,2
313,1,1,3,2.000000,4.000000,0,0,1,0,1,3
313,1,1,2,1.000000,2.000000,0,1,0,0,2,2
313,1,1,1,3.000000,3.000000,1,0,0,0,3,1
313,1,1,4,4.000000,1.000000,0,0,0,1,4,4
314,1,1,1,4.000000,3.000000,0,0,0,1,1,4
314,1,1,4,3.000000,4.000000,0,1,0,0,2,2
314,1,1,2,1.000000,1.000000,1,0,0,0,3,1
314,1,1,3,2.000000,2.000000,0,0,1,0,4,3
315,1,0,3,3.000000,2.000000,0,0,1,0,1,3
315,1,0,4,4.000000,4.000000,0,0,0,1,2,4
315,1,0,1,1.000000,3.000000,0,1,0,0,3,2
315,1,0,2,2.000000,1.000000,1,0,0,0,4,1
316,1,1,1,4.000000,3.000000,0,0,1,0,1,3
316,1,1,2,3.000000,4.000000,0,1,0,0,2,2
316,1,1,3,1.000000,2.000000,1,0,0,0,3,1
316,1,1,4,2.000000,1.000000,0,0,0,1,4,4
317,1,0,1,1.000000,4.000000,0,0,0,1,1,4
317,1,0,2,4.000000,3.000000,0,1,0,0,2,2
317,1,0,3,3.000000,2.000000,0,0,1,0,3,3
317,1,0,4,2.000000,1.000000,1,0,0,0,4,1
318,1,0,3,4.000000,4.000000,1,0,0,0,1,1
318,1,0,4,2.000000,2.000000,0,0,0,1,2,4
318,1,0,1,3.000000,3.000000,0,0,1,0,3,3
318,1,0,2,1.000000,1.000000,0,1,0,0,4,2
319,1,0,4,4.000000,3.000000,0,0,1,0,1,3
319,1,0,2,2.000000,2.000000,0,1,0,0,2,2
319,1,0,3,3.000000,4.000000,1,0,0,0,3,1
319,1,0,1,1.000000,1.000000,0,0,0,1,4,4
320,1,1,1,2.000000,4.000000,1,0,0,0,1,1
320,1,1,4,1.000000,1.000000,0,0,0,1,2,4
320,1,1,2,4.000000,3.000000,0,1,0,0,3,2
320,1,1,3,3.000000,2.000000,0,0,1,0,4,3
321,1,1,3,3.000000,4.000000,0,1,0,0,1,2
321,1,1,2,4.000000,3.000000,0,0,1,0,2,3
321,1,1,1,1.000000,2.000000,1,0,0,0,3,1
321,1,1,4,2.000000,1.000000,0,0,0,1,4,4
322,1,0,1,4.000000,4.000000,0,0,1,0,1,3
322,1,0,3,3.000000,3.000000,0,1,0,0,2,2
322,1,0,2,1.000000,2.000000,1,0,0,0,3,1
322,1,0,4,2.000000,1.000000,0,0,0,1,4,4
323,1,1,3,3.000000,3.000000,0,0,1,0,1,3
323,1,1,4,4.000000,4.000000,0,1,0,0,2,2
323,1,1,1,1.000000,1.000000,0,0,0,1,3,4
323,1,1,2,2.000000,2.000000,1,0,0,0,4,1
324,1,0,2,4.000000,4.000000,0,0,0,1,1,4
324,1,0,3,3.000000,2.000000,0,1,0,0,2,2
324,1,0,1,1.000000,3.000000,1,0,0,0,3,1
324,1,0,4,2.000000,1.000000,0,0,1,0,4,3
325,1,0,3,2.000000,4.000000,0,0,1,0,1,3
325,1,0,4,4.000000,2.000000,0,1,0,0,2,2
325,1,0,1,1.000000,1.000000,1,0,0,0,3,1
325,1,0,2,3.000000,3.000000,0,0,0,1,4,4
326,1,0,3,2.000000,1.000000,1,0,0,0,1,1
326,1,0,4,4.000000,4.000000,0,0,0,1,2,4
326,1,0,1,1.000000,2.000000,0,0,1,0,3,3
326,1,0,2,3.000000,3.000000,0,1,0,0,4,2
327,1,1,3,3.000000,4.000000,1,0,0,0,1,1
327,1,1,4,2.000000,2.000000,0,0,0,1,2,4
327,1,1,1,4.000000,1.000000,0,1,0,0,3,2
327,1,1,2,1.000000,3.000000,0,0,1,0,4,3
328,1,0,3,3.000000,4.000000,0,1,0,0,1,2
328,1,0,4,4.000000,1.000000,0,0,0,1,2,4
328,1,0,1,1.000000,2.000000,0,0,1,0,3,3
328,1,0,2,2.000000,3.000000,1,0,0,0,4,1
